file_path,total_hlf_imports,imported_modules,classification_hint
hlf_mcp/hlf/__init__.py,229,"hlf_mcp.hlf.audit_diff.AuditDiff, hlf_mcp.hlf.audit_diff.AuditDiffEntry, hlf_mcp.hlf.audit_diff.DiffOperation, hlf_mcp.hlf.audit_trail.AuditEvent, hlf_mcp.hlf.audit_trail.AuditTrail, hlf_mcp.hlf.audit_trail.audit_to_html, hlf_mcp.hlf.audit_trail.generate_execution_audit, hlf_mcp.hlf.audit_trail.summarize_audit, hlf_mcp.hlf.authority.AUTHORITY_SURFACES, hlf_mcp.hlf.authority.AuthoritySurface, hlf_mcp.hlf.authority.BRIDGE_RECOVERY_MATERIAL, hlf_mcp.hlf.authority.DownstreamTask, hlf_mcp.hlf.authority.FULL_ORIGINAL_HLF_AUTHORITY_TARGET, hlf_mcp.hlf.authority.INVALID_MISTAKEN_CHECKOUT_ARTIFACTS, hlf_mcp.hlf.authority.PRESENT_PACKAGED_CURRENT_TRUTH, hlf_mcp.hlf.authority.authority_matrix, hlf_mcp.hlf.authority.downstream_guidance, hlf_mcp.hlf.benchmark.HLFBenchmark, hlf_mcp.hlf.bytecode.HLFBytecode, hlf_mcp.hlf.capability_manifest.CapabilityManifest, hlf_mcp.hlf.capability_manifest.CrossManifestConsistency, hlf_mcp.hlf.capability_manifest.ManifestIntegrityProof, hlf_mcp.hlf.capability_manifest.check_cross_manifest_consistency, hlf_mcp.hlf.capability_manifest.prove_manifest_integrity, hlf_mcp.hlf.checkpoint_executor.Checkpoint [lazy], hlf_mcp.hlf.checkpoint_executor.CheckpointManager [lazy], hlf_mcp.hlf.checkpoint_executor.CheckpointableExecutor [lazy], hlf_mcp.hlf.checkpoint_executor.CheckpointedExecutionResult [lazy], hlf_mcp.hlf.codegen.HLFCodeGenerator, hlf_mcp.hlf.compiler.HLFCompiler, hlf_mcp.hlf.counterexample_quality.Counterexample, hlf_mcp.hlf.counterexample_quality.CounterexampleGenerator, hlf_mcp.hlf.counterexample_quality.compare_counterexamples, hlf_mcp.hlf.counterexample_quality.explain_counterexample, hlf_mcp.hlf.counterexample_quality.generate_minimal_counterexample, hlf_mcp.hlf.counterexample_quality.suggest_fix, hlf_mcp.hlf.cross_witness.CrossWitnessProof, hlf_mcp.hlf.cross_witness.CrossWitnessProver, hlf_mcp.hlf.cross_witness.DisagreementReport, hlf_mcp.hlf.cross_witness.DisagreementResolver, hlf_mcp.hlf.cross_witness.QuorumPolicy, hlf_mcp.hlf.cross_witness.ResolutionStrategy, hlf_mcp.hlf.effect_extractor.EffectCompositionProof, hlf_mcp.hlf.effect_extractor.EffectExtractor, hlf_mcp.hlf.effect_extractor.prove_conditional_composition, hlf_mcp.hlf.effect_extractor.prove_parallel_composition, hlf_mcp.hlf.effect_extractor.prove_sequential_composition, hlf_mcp.hlf.embodied.EmbodiedContractAssessment, hlf_mcp.hlf.embodied.assess_embodied_host_call, hlf_mcp.hlf.embodied.build_embodied_action_envelope, hlf_mcp.hlf.embodied.build_simulated_embodied_result, hlf_mcp.hlf.embodied.is_embodied_policy_trace, hlf_mcp.hlf.entropy_anchor.DriftDetector, hlf_mcp.hlf.entropy_anchor.DriftReport, hlf_mcp.hlf.entropy_anchor.DriftSeverity, hlf_mcp.hlf.entropy_anchor.EntropyAnchor, hlf_mcp.hlf.entropy_anchor.ReAnchorDecision, hlf_mcp.hlf.entropy_anchor.ReAnchoringProtocol, hlf_mcp.hlf.error_translation.ErrorTranslator, hlf_mcp.hlf.error_translation.PythonExceptionMapping, hlf_mcp.hlf.error_translation.TranslatedViolation, hlf_mcp.hlf.error_translation.ViolationCategory, hlf_mcp.hlf.formal_verifier.ConstraintKind, hlf_mcp.hlf.formal_verifier.FormalVerifier, hlf_mcp.hlf.formal_verifier.GateDecision, hlf_mcp.hlf.formal_verifier.VerificationBlockedError, hlf_mcp.hlf.formal_verifier.VerificationGate, hlf_mcp.hlf.formal_verifier.VerificationReport, hlf_mcp.hlf.formal_verifier.VerificationResult, hlf_mcp.hlf.formal_verifier.VerificationStatus, hlf_mcp.hlf.formal_verifier.z3_available, hlf_mcp.hlf.formatter.HLFFormatter, hlf_mcp.hlf.import_whitelist.CapabilityTier, hlf_mcp.hlf.import_whitelist.ImportCheck, hlf_mcp.hlf.import_whitelist.ImportRule, hlf_mcp.hlf.import_whitelist.ImportWhitelist, hlf_mcp.hlf.knowledge.consistency_proof.ConsistencyProof, hlf_mcp.hlf.knowledge.consistency_proof.ConsistencyProofResult, hlf_mcp.hlf.knowledge.freshness_guarantee.FreshnessGuarantee, hlf_mcp.hlf.knowledge.freshness_guarantee.FreshnessGuaranteeChecker, hlf_mcp.hlf.knowledge.memory_lease.LeaseManager, hlf_mcp.hlf.knowledge.memory_lease.LeaseViolationError, hlf_mcp.hlf.knowledge.memory_lease.MemoryLease, hlf_mcp.hlf.knowledge_provenance.DerivationKind, hlf_mcp.hlf.knowledge_provenance.GapReport, hlf_mcp.hlf.knowledge_provenance.ProvenanceChain, hlf_mcp.hlf.knowledge_provenance.ProvenanceGapDetector, hlf_mcp.hlf.knowledge_provenance.ProvenanceNode, hlf_mcp.hlf.knowledge_provenance.ProvenanceVerification, hlf_mcp.hlf.knowledge_provenance.ProvenanceVerifier, hlf_mcp.hlf.knowledge_provenance.TrustRoot, hlf_mcp.hlf.knowledge_provenance.TrustRootRegistry, hlf_mcp.hlf.linter.HLFLinter, hlf_mcp.hlf.memory_lease_hardening.EvictionResult, hlf_mcp.hlf.memory_lease_hardening.LeaseAuditRecord, hlf_mcp.hlf.memory_lease_hardening.LeaseAuditor, hlf_mcp.hlf.memory_lease_hardening.LeaseMigration, hlf_mcp.hlf.memory_lease_hardening.LeaseNegotiator, hlf_mcp.hlf.memory_lease_hardening.LeasePriority, hlf_mcp.hlf.memory_lease_hardening.MemoryPressureHandler, hlf_mcp.hlf.memory_lease_hardening.MemoryTier, hlf_mcp.hlf.memory_lease_hardening.MigrationPlan, hlf_mcp.hlf.memory_lease_hardening.NegotiatedLease, hlf_mcp.hlf.operand_coverage.CANONICAL_OPERATORS, hlf_mcp.hlf.operand_coverage.OperandCoverage, hlf_mcp.hlf.operand_coverage.OperandMatrix, hlf_mcp.hlf.operand_coverage.Operator, hlf_mcp.hlf.operand_coverage.OperatorFamily, hlf_mcp.hlf.operand_coverage.find_operand_gaps, hlf_mcp.hlf.operand_coverage.generate_coverage_report, hlf_mcp.hlf.operand_coverage.prove_operand_completeness, hlf_mcp.hlf.orchestration_failure_recovery.CacheEntry, hlf_mcp.hlf.orchestration_failure_recovery.CrashRecovery, hlf_mcp.hlf.orchestration_failure_recovery.ElectionResult, hlf_mcp.hlf.orchestration_failure_recovery.RecoveryResult, hlf_mcp.hlf.orchestration_failure_recovery.SplitBrainDetector, hlf_mcp.hlf.orchestration_failure_recovery.SplitBrainReport, hlf_mcp.hlf.orchestration_failure_recovery.StalePlanCache, hlf_mcp.hlf.orchestration_failure_recovery.SwarmLeaderElection, hlf_mcp.hlf.orchestration_failure_recovery.VectorClock, hlf_mcp.hlf.parametric_proofs.ParametricProofResult, hlf_mcp.hlf.parametric_proofs.ParametricProver, hlf_mcp.hlf.parametric_proofs.RefinementProofResult, hlf_mcp.hlf.parametric_proofs.prove_list_invariance, hlf_mcp.hlf.parametric_proofs.prove_map_key_uniqueness, hlf_mcp.hlf.parametric_proofs.prove_refinement_soundness, hlf_mcp.hlf.parametric_proofs.prove_set_uniqueness, hlf_mcp.hlf.plan_rebalancing.PlanRebalancer, hlf_mcp.hlf.plan_rebalancing.RebalanceResult, hlf_mcp.hlf.plan_rebalancing.TaskAffinityMap, hlf_mcp.hlf.plan_versioning.PlanHistory, hlf_mcp.hlf.plan_versioning.PlanVersion, hlf_mcp.hlf.proof_depth.ProofDepth, hlf_mcp.hlf.proof_depth.ProofObligation, hlf_mcp.hlf.proof_depth.deepen_proof, hlf_mcp.hlf.proof_depth.generate_proof_obligations, hlf_mcp.hlf.proof_depth.measure_proof_depth, hlf_mcp.hlf.proof_depth.rank_obligations_by_impact, hlf_mcp.hlf.python_type_coercion.CoercionResult, hlf_mcp.hlf.python_type_coercion.CoercionRule, hlf_mcp.hlf.python_type_coercion.CoercionSafety, hlf_mcp.hlf.python_type_coercion.TypeCoercionContract, hlf_mcp.hlf.remediation_planner.RemediationPlan, hlf_mcp.hlf.remediation_planner.RemediationPlanner, hlf_mcp.hlf.remediation_planner.RemediationPriority, hlf_mcp.hlf.remediation_planner.RemediationStatus, hlf_mcp.hlf.remediation_planner.RemediationTask, hlf_mcp.hlf.review_proof.ReviewProof, hlf_mcp.hlf.review_proof.ReviewRecord, hlf_mcp.hlf.review_proof.audit_review_gaps, hlf_mcp.hlf.review_proof.generate_review_checklist, hlf_mcp.hlf.review_proof.generate_review_proof_markdown, hlf_mcp.hlf.review_proof.prove_review_completeness, hlf_mcp.hlf.routing.capability_router.CapabilityRouter, hlf_mcp.hlf.routing.capability_router.RouteMatch, hlf_mcp.hlf.routing.capability_router.WorkRequest, hlf_mcp.hlf.routing.edge_cases.EdgeCaseResult, hlf_mcp.hlf.routing.edge_cases.RoutingEdgeCase, hlf_mcp.hlf.routing.edge_cases.run_all_edge_cases, hlf_mcp.hlf.routing.edge_cases.test_capability_mismatch, hlf_mcp.hlf.routing.edge_cases.test_empty_registry, hlf_mcp.hlf.routing.edge_cases.test_failover_cascade, hlf_mcp.hlf.routing.edge_cases.test_health_check_flapping, hlf_mcp.hlf.routing.edge_cases.test_load_balancer_starvation, hlf_mcp.hlf.routing.edge_cases.test_race_condition_register_unregister, hlf_mcp.hlf.routing.edge_cases.test_single_node_failure, hlf_mcp.hlf.routing.failover.CircuitBreaker, hlf_mcp.hlf.routing.failover.FailoverManager, hlf_mcp.hlf.routing.failover.NodeFailureEvent, hlf_mcp.hlf.routing.load_balancer.LoadBalancer, hlf_mcp.hlf.routing.node_registry.NodeRegistry, hlf_mcp.hlf.routing.node_registry.RegisteredNode, hlf_mcp.hlf.routing.stress_testing.RoutingStressTest, hlf_mcp.hlf.routing.stress_testing.StressResult, hlf_mcp.hlf.routing.stress_testing.StressScenario, hlf_mcp.hlf.runtime.HLFRuntime, hlf_mcp.hlf.sandbox_executor.GasMeter, hlf_mcp.hlf.sandbox_executor.SandboxConfig, hlf_mcp.hlf.sandbox_executor.SandboxExecution, hlf_mcp.hlf.sandbox_executor.SandboxExecutor, hlf_mcp.hlf.sandbox_executor.SandboxResult, hlf_mcp.hlf.swarm_handoff.CapabilityAttestation, hlf_mcp.hlf.swarm_handoff.HandoffReceipt, hlf_mcp.hlf.swarm_handoff.HandoffStatus, hlf_mcp.hlf.swarm_handoff.SwarmHandoffContract, hlf_mcp.hlf.swarm_handoff.SwarmHandoffManager, hlf_mcp.hlf.swarm_mechanics.SWARM_ARTIFACT_KIND, hlf_mcp.hlf.swarm_mechanics.build_swarm_mechanics_artifact, hlf_mcp.hlf.swarm_mechanics.materialize_swarm_hlf, hlf_mcp.hlf.symbolic_surfaces.audit_symbolic_surface, hlf_mcp.hlf.symbolic_surfaces.compile_symbolic_surface, hlf_mcp.hlf.symbolic_surfaces.explain_relation_edges, hlf_mcp.hlf.symbolic_surfaces.extract_relation_edges, hlf_mcp.hlf.symbolic_surfaces.project_relation_edges, hlf_mcp.hlf.translator.Tone, hlf_mcp.hlf.translator.TranslationRepairPlan, hlf_mcp.hlf.translator.build_translation_repair_plan, hlf_mcp.hlf.translator.canonicalize_translation_text, hlf_mcp.hlf.translator.chinese_to_hlf, hlf_mcp.hlf.translator.detect_input_language, hlf_mcp.hlf.translator.detect_system_language, hlf_mcp.hlf.translator.detect_tone, hlf_mcp.hlf.translator.english_to_hlf, hlf_mcp.hlf.translator.hlf_source_to_english, hlf_mcp.hlf.translator.hlf_source_to_language, hlf_mcp.hlf.translator.hlf_to_english, hlf_mcp.hlf.translator.hlf_to_language, hlf_mcp.hlf.translator.language_to_hlf, hlf_mcp.hlf.translator.resolve_language, hlf_mcp.hlf.translator.translation_diagnostics, hlf_mcp.hlf.trust_debt.DebtItem, hlf_mcp.hlf.trust_debt.TrustDebtQuantifier, hlf_mcp.hlf.trust_surface.TrustEdge, hlf_mcp.hlf.trust_surface.TrustSurface, hlf_mcp.hlf.trust_surface.build_default_trust_surface, hlf_mcp.hlf.trust_surface.validate_trust_against_constitution, hlf_mcp.hlf.trust_trending.AlertLevel, hlf_mcp.hlf.trust_trending.TrendAlert, hlf_mcp.hlf.trust_trending.TrendDirection, hlf_mcp.hlf.trust_trending.TrendReport, hlf_mcp.hlf.trust_trending.TrustSnapshot, hlf_mcp.hlf.trust_trending.TrustTrending, hlf_mcp.hlf.two_channel_executor.DataChannel, hlf_mcp.hlf.two_channel_executor.ExecutionResult, hlf_mcp.hlf.two_channel_executor.InstructionChannel, hlf_mcp.hlf.two_channel_executor.ProvenanceChain, hlf_mcp.hlf.two_channel_executor.TwoChannelExecutor, hlf_mcp.hlf.two_channel_executor.build_data_channel, hlf_mcp.hlf.two_channel_executor.build_instruction_channel",INIT_REEXPORT
tests/test_ecosystem_hardening.py,45,"hlf_mcp.ecosystem.bridge_health.BridgeHealth, hlf_mcp.ecosystem.bridge_health.BridgeHealthAggregator, hlf_mcp.ecosystem.bridge_health.HealthAggregation, hlf_mcp.ecosystem.bridge_health.HealthStatus, hlf_mcp.ecosystem.circuit_breaker.CircuitBreaker, hlf_mcp.ecosystem.circuit_breaker.CircuitOpenError, hlf_mcp.ecosystem.circuit_breaker.CircuitState, hlf_mcp.ecosystem.credential_manager.Credential, hlf_mcp.ecosystem.credential_manager.CredentialManager, hlf_mcp.ecosystem.credential_manager.CredentialScope, hlf_mcp.ecosystem.distributed_rate_limiter.CoordinationMode, hlf_mcp.ecosystem.distributed_rate_limiter.DistributedRateLimiter, hlf_mcp.ecosystem.distributed_rate_limiter.RateLimitState, hlf_mcp.ecosystem.mcp_bridge.MCPBridge, hlf_mcp.ecosystem.mcp_bridge.MCPToolRegistration, hlf_mcp.ecosystem.rate_limiter.RateLimiter, hlf_mcp.ecosystem.rate_limiter.TokenBucket, hlf_mcp.ecosystem.resilience_coordinator.ResilienceAction, hlf_mcp.ecosystem.resilience_coordinator.ResilienceCoordinator, hlf_mcp.ecosystem.resilience_coordinator.ResilienceEvent, hlf_mcp.ecosystem.resilience_coordinator.ResiliencePolicy, hlf_mcp.ecosystem.rest_bridge.RESTBridge, hlf_mcp.ecosystem.rest_bridge.RESTEndpoint, hlf_mcp.ecosystem.retry_policy.DEFAULT_RETRY_POLICY, hlf_mcp.ecosystem.retry_policy.READ_RETRY_POLICY, hlf_mcp.ecosystem.retry_policy.RetryDecision, hlf_mcp.ecosystem.retry_policy.RetryPolicy, hlf_mcp.ecosystem.retry_policy.WRITE_RETRY_POLICY, hlf_mcp.ecosystem.retry_policy.retry_policy_for_effect, hlf_mcp.ecosystem.schema_translator.SchemaFormat, hlf_mcp.ecosystem.schema_translator.SchemaTranslationResult, hlf_mcp.ecosystem.schema_translator.SchemaTranslator, hlf_mcp.hlf.capability_manifest.CapabilityManifest, hlf_mcp.hlf.capability_manifest.EFFECT_TO_TRUST_TIER, hlf_mcp.hlf.capability_manifest.TRUST_TIER_ORDER, hlf_mcp.hlf.typed_contracts.EffectClass, hlf_mcp.hlf.typed_contracts.FailureMode, hlf_mcp.hlf.typed_contracts.HlfType, hlf_mcp.hlf.typed_contracts.InputContract, hlf_mcp.hlf.typed_contracts.OutputContract, hlf_mcp.hlf.typed_contracts.ParametricType, hlf_mcp.hlf.typed_contracts.ProofRequirement, hlf_mcp.hlf.typed_contracts.RefinementType, hlf_mcp.hlf.typed_contracts.TypeContract, hlf_mcp.hlf.typed_contracts.TypedEffectDeclaration",TEST
tests/test_orchestration_lifecycle.py,45,"hlf_mcp.hlf.checkpoint_executor.Checkpoint [lazy], hlf_mcp.hlf.checkpoint_executor.CheckpointManager [lazy], hlf_mcp.hlf.checkpoint_executor.CheckpointableExecutor [lazy], hlf_mcp.hlf.knowledge.consistency_proof.ConsistencyProof [lazy], hlf_mcp.hlf.knowledge.memory_lease.LeaseManager [lazy], hlf_mcp.hlf.multi_phase_executor.MultiPhaseExecutor [lazy], hlf_mcp.hlf.orchestration_failure_recovery.CacheEntry, hlf_mcp.hlf.orchestration_failure_recovery.CrashRecovery, hlf_mcp.hlf.orchestration_failure_recovery.RecoveryResult, hlf_mcp.hlf.orchestration_failure_recovery.SplitBrainDetector, hlf_mcp.hlf.orchestration_failure_recovery.SplitBrainReport, hlf_mcp.hlf.orchestration_failure_recovery.StalePlanCache, hlf_mcp.hlf.orchestration_failure_recovery.SwarmLeaderElection, hlf_mcp.hlf.orchestration_failure_recovery.VectorClock, hlf_mcp.hlf.plan_rebalancing.PlanRebalancer, hlf_mcp.hlf.plan_rebalancing.RebalanceResult, hlf_mcp.hlf.plan_rebalancing.TaskAffinityMap, hlf_mcp.hlf.plan_versioning.PlanHistory [lazy], hlf_mcp.hlf.plan_versioning.PlanVersion [lazy], hlf_mcp.hlf.swarm_handoff.CapabilityAttestation, hlf_mcp.hlf.swarm_handoff.HandoffReceipt, hlf_mcp.hlf.swarm_handoff.HandoffStatus, hlf_mcp.hlf.swarm_handoff.SwarmHandoffContract, hlf_mcp.hlf.swarm_handoff.SwarmHandoffManager, hlf_mcp.instinct.classification.FAST_PATH_TYPES, hlf_mcp.instinct.classification.TASK_TYPE_REGISTRY, hlf_mcp.instinct.classification.TASK_TYPE_REGISTRY [lazy], hlf_mcp.instinct.classification.TaskCategory, hlf_mcp.instinct.classification.TaskEnvelope, hlf_mcp.instinct.classification.TaskLauncher, hlf_mcp.instinct.classification.TaskSize, hlf_mcp.instinct.classification.classify_intent, hlf_mcp.instinct.classification.classify_task, hlf_mcp.instinct.classification.get_all_categories, hlf_mcp.instinct.classification.get_task_types_for_category, hlf_mcp.instinct.classification.get_vocabulary_summary, hlf_mcp.instinct.execution.NodeStatus, hlf_mcp.instinct.execution.PlanExecutionResult, hlf_mcp.instinct.execution.PlanExecutor, hlf_mcp.instinct.execution.PlanStep, hlf_mcp.instinct.execution.PlanTaskType, hlf_mcp.instinct.execution.SpindleDAG, hlf_mcp.instinct.execution.SpindleNode, hlf_mcp.instinct.lifecycle.InstinctLifecycle, hlf_mcp.instinct.lifecycle.SDDRealignmentEvent",TEST
hlf_mcp/hlf/runtime.py,43,"hlf_mcp.hlf.agent_spawner.AgentSpawner, hlf_mcp.hlf.bytecode.ConstantPool, hlf_mcp.hlf.bytecode.GAS_COSTS, hlf_mcp.hlf.bytecode.HLFBytecode, hlf_mcp.hlf.bytecode.Op, hlf_mcp.hlf.bytecode._CODE_TO_OP, hlf_mcp.hlf.bytecode._HEADER_SIZE, hlf_mcp.hlf.bytecode._MAGIC, hlf_mcp.hlf.bytecode._decode_header, hlf_mcp.hlf.compiler.HLFCompiler, hlf_mcp.hlf.compiler._ALIGN_COMPILED, hlf_mcp.hlf.compiler._pass3_align_validate, hlf_mcp.hlf.embodied.assess_embodied_host_call, hlf_mcp.hlf.embodied.build_simulated_embodied_result, hlf_mcp.hlf.ethics.governor.check, hlf_mcp.hlf.hlf_llm_bridge.HLFLLMBridge, hlf_mcp.hlf.memory_node.MemoryStore, hlf_mcp.hlf.memory_node.lookup_pointer_registry_entry, hlf_mcp.hlf.memory_node.verify_pointer_ref, hlf_mcp.hlf.pii_guard.PIIGuard, hlf_mcp.hlf.stdlib.agent.AGENT_CAPABILITIES, hlf_mcp.hlf.stdlib.agent.AGENT_ID, hlf_mcp.hlf.stdlib.agent.AGENT_TIER, hlf_mcp.hlf.stdlib.agent.GET_GOALS, hlf_mcp.hlf.stdlib.agent.SET_GOAL, hlf_mcp.hlf.stdlib.crypto_mod.DECRYPT, hlf_mcp.hlf.stdlib.crypto_mod.ENCRYPT, hlf_mcp.hlf.stdlib.crypto_mod.KEY_DERIVE, hlf_mcp.hlf.stdlib.crypto_mod.MERKLE_CHAIN_APPEND, hlf_mcp.hlf.stdlib.crypto_mod.MERKLE_ROOT, hlf_mcp.hlf.stdlib.crypto_mod.SIGN_VERIFY, hlf_mcp.hlf.stdlib.io_mod.DIR_LIST, hlf_mcp.hlf.stdlib.io_mod.FILE_EXISTS, hlf_mcp.hlf.stdlib.io_mod.FILE_READ, hlf_mcp.hlf.stdlib.io_mod.FILE_WRITE, hlf_mcp.hlf.stdlib.net_mod.HTTP_DELETE, hlf_mcp.hlf.stdlib.net_mod.HTTP_GET, hlf_mcp.hlf.stdlib.net_mod.HTTP_POST, hlf_mcp.hlf.stdlib.net_mod.HTTP_PUT, hlf_mcp.hlf.stdlib.net_mod.URL_DECODE, hlf_mcp.hlf.stdlib.net_mod.URL_ENCODE, hlf_mcp.hlf.tool_dispatch.ToolRegistry, hlf_mcp.rag.memory.RAGMemory",LEAVE
hlf_mcp/server_context.py,42,"hlf_mcp.dream_cycle.DreamCycleReport, hlf_mcp.dream_cycle.build_dream_findings, hlf_mcp.hlf.align_governor.AlignGovernor, hlf_mcp.hlf.approval_ledger.ApprovalLedger, hlf_mcp.hlf.audit_chain.AuditChain, hlf_mcp.hlf.benchmark.HLFBenchmark, hlf_mcp.hlf.bytecode.HLFBytecode, hlf_mcp.hlf.compiler.HLFCompiler, hlf_mcp.hlf.daemon_manager.DaemonManager, hlf_mcp.hlf.formal_verifier.FormalVerifier, hlf_mcp.hlf.formatter.HLFFormatter, hlf_mcp.hlf.governance_events.GovernanceEvent, hlf_mcp.hlf.governance_events.GovernanceEventKind, hlf_mcp.hlf.governance_events.GovernanceEventRef, hlf_mcp.hlf.governance_events.GovernanceSeverity, hlf_mcp.hlf.governance_events.GovernanceStatus, hlf_mcp.hlf.governance_events.normalize_governance_ref, hlf_mcp.hlf.governance_events.normalize_related_refs, hlf_mcp.hlf.governance_proofs.build_anchor, hlf_mcp.hlf.governance_proofs.build_governance_proof, hlf_mcp.hlf.governance_proofs.governance_body, hlf_mcp.hlf.governance_proofs.sha256_digest, hlf_mcp.hlf.governed_ingress.GovernedIngressController, hlf_mcp.hlf.intent_normalizer.IntentNormalizer, hlf_mcp.hlf.linter.HLFLinter, hlf_mcp.hlf.memory_node.build_pointer_ref, hlf_mcp.hlf.registry.HostFunctionRegistry, hlf_mcp.hlf.runtime.HLFRuntime, hlf_mcp.hlf.tool_dispatch.ToolRegistry, hlf_mcp.hlf.witness_governance.WitnessGovernance, hlf_mcp.hlf.witness_governance.WitnessObservation, hlf_mcp.hlf.witness_governance.WitnessRecommendedAction, hlf_mcp.instinct.lifecycle.InstinctLifecycle, hlf_mcp.media_evidence.MediaEvidenceRecord, hlf_mcp.media_evidence.normalize_media_evidence, hlf_mcp.rag.memory.HKSProvenance, hlf_mcp.rag.memory.HKSTestEvidence, hlf_mcp.rag.memory.HKSValidatedExemplar, hlf_mcp.rag.memory.RAGMemory, hlf_mcp.weekly_artifacts.build_weekly_artifact_memory_record, hlf_mcp.weekly_artifacts.load_verified_weekly_artifacts, hlf_mcp.weekly_artifacts.summarize_weekly_artifacts",LEAVE
tests/test_audit_trust_layer.py,42,"hlf_mcp.hlf.audit_diff.AuditDiff, hlf_mcp.hlf.audit_diff.AuditDiffEntry, hlf_mcp.hlf.audit_diff.DiffOperation, hlf_mcp.hlf.audit_trail.AuditEvent, hlf_mcp.hlf.audit_trail.AuditTrail, hlf_mcp.hlf.audit_trail.audit_to_html, hlf_mcp.hlf.audit_trail.generate_execution_audit, hlf_mcp.hlf.audit_trail.summarize_audit, hlf_mcp.hlf.capability_manifest.CapabilityManifest, hlf_mcp.hlf.formal_verifier.ConstraintKind, hlf_mcp.hlf.formal_verifier.GateDecision, hlf_mcp.hlf.formal_verifier.VerificationReport, hlf_mcp.hlf.formal_verifier.VerificationResult, hlf_mcp.hlf.formal_verifier.VerificationStatus, hlf_mcp.hlf.remediation_planner.RemediationPlan, hlf_mcp.hlf.remediation_planner.RemediationPlanner, hlf_mcp.hlf.remediation_planner.RemediationPriority, hlf_mcp.hlf.remediation_planner.RemediationStatus, hlf_mcp.hlf.remediation_planner.RemediationTask, hlf_mcp.hlf.review_proof.ReviewProof, hlf_mcp.hlf.review_proof.ReviewRecord, hlf_mcp.hlf.review_proof.audit_review_gaps, hlf_mcp.hlf.review_proof.generate_review_checklist, hlf_mcp.hlf.review_proof.generate_review_proof_markdown, hlf_mcp.hlf.review_proof.prove_review_completeness, hlf_mcp.hlf.trust_debt.DebtItem, hlf_mcp.hlf.trust_debt.TrustDebtQuantifier, hlf_mcp.hlf.trust_surface.TrustEdge, hlf_mcp.hlf.trust_surface.TrustSurface, hlf_mcp.hlf.trust_surface.build_default_trust_surface, hlf_mcp.hlf.trust_surface.validate_trust_against_constitution, hlf_mcp.hlf.trust_trending.AlertLevel, hlf_mcp.hlf.trust_trending.TrendAlert, hlf_mcp.hlf.trust_trending.TrendDirection, hlf_mcp.hlf.trust_trending.TrendReport, hlf_mcp.hlf.trust_trending.TrustSnapshot, hlf_mcp.hlf.trust_trending.TrustTrending, hlf_mcp.hlf.two_channel_executor.DataChannel, hlf_mcp.hlf.two_channel_executor.ProvenanceChain, hlf_mcp.hlf.two_channel_executor.TwoChannelExecutor, hlf_mcp.hlf.two_channel_executor.build_data_channel, hlf_mcp.hlf.two_channel_executor.build_instruction_channel",TEST
hlf_mcp/ecosystem/__init__.py,41,"hlf_mcp.ecosystem.bridge_health.BridgeHealth, hlf_mcp.ecosystem.bridge_health.BridgeHealthAggregator, hlf_mcp.ecosystem.bridge_health.HealthAggregation, hlf_mcp.ecosystem.bridge_health.HealthStatus, hlf_mcp.ecosystem.circuit_breaker.CircuitBreaker, hlf_mcp.ecosystem.circuit_breaker.CircuitOpenError, hlf_mcp.ecosystem.circuit_breaker.CircuitState, hlf_mcp.ecosystem.compatibility_matrix.CompatibilityMatrix, hlf_mcp.ecosystem.compatibility_matrix.CompatibilityMatrixEntry, hlf_mcp.ecosystem.credential_manager.Credential, hlf_mcp.ecosystem.credential_manager.CredentialManager, hlf_mcp.ecosystem.credential_manager.CredentialScope, hlf_mcp.ecosystem.distributed_rate_limiter.CoordinationMode, hlf_mcp.ecosystem.distributed_rate_limiter.DistributedRateLimiter, hlf_mcp.ecosystem.distributed_rate_limiter.RateLimitState, hlf_mcp.ecosystem.mcp_bridge.MCPBridge, hlf_mcp.ecosystem.mcp_bridge.MCPToolRegistration, hlf_mcp.ecosystem.mcp_bridge.manifest_to_mcp_tool_schemas, hlf_mcp.ecosystem.mcp_bridge.register_manifest_as_mcp_tools, hlf_mcp.ecosystem.rate_limiter.RateLimiter, hlf_mcp.ecosystem.rate_limiter.TokenBucket, hlf_mcp.ecosystem.resilience_coordinator.ResilienceAction, hlf_mcp.ecosystem.resilience_coordinator.ResilienceCoordinator, hlf_mcp.ecosystem.resilience_coordinator.ResilienceEvent, hlf_mcp.ecosystem.resilience_coordinator.ResiliencePolicy, hlf_mcp.ecosystem.rest_bridge.RESTBridge, hlf_mcp.ecosystem.rest_bridge.RESTEndpoint, hlf_mcp.ecosystem.rest_bridge.generate_openapi_from_manifests, hlf_mcp.ecosystem.rest_bridge.generate_openapi_json_from_manifests, hlf_mcp.ecosystem.retry_policy.DEFAULT_RETRY_POLICY, hlf_mcp.ecosystem.retry_policy.READ_RETRY_POLICY, hlf_mcp.ecosystem.retry_policy.RetryDecision, hlf_mcp.ecosystem.retry_policy.RetryPolicy, hlf_mcp.ecosystem.retry_policy.WRITE_RETRY_POLICY, hlf_mcp.ecosystem.retry_policy.retry_policy_for_effect, hlf_mcp.ecosystem.schema_translator.SchemaFormat, hlf_mcp.ecosystem.schema_translator.SchemaTranslationResult, hlf_mcp.ecosystem.schema_translator.SchemaTranslator, hlf_mcp.ecosystem.watch_workflow.main, hlf_mcp.ecosystem.watch_workflow.run_once, hlf_mcp.ecosystem.watch_workflow.run_watch",INIT_REEXPORT
hlf_mcp/gallery/__init__.py,40,"hlf_mcp.gallery.evidence_renderer.EvidenceSummaryRenderer, hlf_mcp.gallery.manifest_viewer.demo, hlf_mcp.gallery.operator_cli.build_parser, hlf_mcp.gallery.operator_cli.main, hlf_mcp.gallery.operator_dashboard.build_dashboard_with_feedback, hlf_mcp.gallery.operator_dashboard.build_dashboard_with_trend, hlf_mcp.gallery.operator_dashboard.build_full_scorecard, hlf_mcp.gallery.operator_dashboard.clear_trend_history, hlf_mcp.gallery.operator_dashboard.compute_alert_color, hlf_mcp.gallery.operator_dashboard.compute_alert_threshold, hlf_mcp.gallery.operator_dashboard.compute_feedback_metrics, hlf_mcp.gallery.operator_dashboard.compute_formal_verification_pillar_score, hlf_mcp.gallery.operator_dashboard.compute_gallery_operator_pillar_score, hlf_mcp.gallery.operator_dashboard.compute_pillar_alerts, hlf_mcp.gallery.operator_dashboard.compute_typed_effect_pillar_score, hlf_mcp.gallery.operator_dashboard.demo, hlf_mcp.gallery.operator_dashboard.display_dashboard_with_alerts, hlf_mcp.gallery.operator_dashboard.display_dream_findings_panel, hlf_mcp.gallery.operator_dashboard.display_evidence_panel, hlf_mcp.gallery.operator_dashboard.display_fatigue_gauge, hlf_mcp.gallery.operator_dashboard.display_mission_panel, hlf_mcp.gallery.operator_dashboard.export_evidence_report, hlf_mcp.gallery.operator_dashboard.generate_dashboard_json, hlf_mcp.gallery.operator_dashboard.get_trend_history, hlf_mcp.gallery.operator_dashboard.integrate_telemetry_snapshot, hlf_mcp.gallery.operator_dashboard.record_trend_snapshot, hlf_mcp.gallery.operator_dashboard.render_dream_findings_panel, hlf_mcp.gallery.operator_dashboard.render_evidence_panel, hlf_mcp.gallery.operator_dashboard.render_fatigue_gauge, hlf_mcp.gallery.operator_dashboard.render_mission_panel, hlf_mcp.gallery.provenance_viewer.demo, hlf_mcp.gallery.telemetry.AlertFeedback, hlf_mcp.gallery.telemetry.FeedbackCollector, hlf_mcp.gallery.telemetry.FeedbackStatistics, hlf_mcp.gallery.telemetry.TelemetryCollector, hlf_mcp.gallery.telemetry.TelemetrySnapshot, hlf_mcp.gallery.telemetry.create_default_collector, hlf_mcp.gallery.telemetry.create_default_feedback_collector, hlf_mcp.gallery.type_explorer.demo, hlf_mcp.gallery.verification_viewer.demo",INIT_REEXPORT
tests/test_typed_effect_hardening.py,40,"hlf_mcp.hlf.capability_manifest.CapabilityManifest, hlf_mcp.hlf.capability_manifest.CrossManifestConsistency, hlf_mcp.hlf.capability_manifest.ManifestIntegrityProof, hlf_mcp.hlf.capability_manifest._collect_required_capabilities [lazy], hlf_mcp.hlf.capability_manifest._determine_trust_tier [lazy], hlf_mcp.hlf.capability_manifest.check_cross_manifest_consistency, hlf_mcp.hlf.capability_manifest.prove_manifest_integrity, hlf_mcp.hlf.compiler.HLFCompiler, hlf_mcp.hlf.effect_extractor.EffectCompositionProof, hlf_mcp.hlf.effect_extractor.EffectExtractor, hlf_mcp.hlf.effect_extractor.prove_conditional_composition, hlf_mcp.hlf.effect_extractor.prove_parallel_composition, hlf_mcp.hlf.effect_extractor.prove_sequential_composition, hlf_mcp.hlf.operand_coverage.CANONICAL_OPERATORS, hlf_mcp.hlf.operand_coverage.OperandCoverage, hlf_mcp.hlf.operand_coverage.OperandMatrix, hlf_mcp.hlf.operand_coverage.Operator, hlf_mcp.hlf.operand_coverage.OperatorFamily, hlf_mcp.hlf.operand_coverage.TYPE_EXCLUDED_OPERATORS, hlf_mcp.hlf.operand_coverage.TYPE_OPERATOR_COVERAGE, hlf_mcp.hlf.operand_coverage.find_operand_gaps, hlf_mcp.hlf.operand_coverage.generate_coverage_report, hlf_mcp.hlf.operand_coverage.prove_operand_completeness, hlf_mcp.hlf.parametric_proofs.ParametricProofResult, hlf_mcp.hlf.parametric_proofs.ParametricProver, hlf_mcp.hlf.parametric_proofs.RefinementProofResult, hlf_mcp.hlf.parametric_proofs.prove_list_invariance, hlf_mcp.hlf.parametric_proofs.prove_map_key_uniqueness, hlf_mcp.hlf.parametric_proofs.prove_refinement_soundness, hlf_mcp.hlf.parametric_proofs.prove_set_uniqueness, hlf_mcp.hlf.typed_contracts.EffectClass, hlf_mcp.hlf.typed_contracts.FailureMode, hlf_mcp.hlf.typed_contracts.HlfType, hlf_mcp.hlf.typed_contracts.InputContract, hlf_mcp.hlf.typed_contracts.OutputContract, hlf_mcp.hlf.typed_contracts.ParametricType, hlf_mcp.hlf.typed_contracts.ProofRequirement, hlf_mcp.hlf.typed_contracts.RefinementType, hlf_mcp.hlf.typed_contracts.TypeContract, hlf_mcp.hlf.typed_contracts.TypedEffectDeclaration",TEST
tests/test_knowledge_substrate_hardening.py,36,"hlf_mcp.hlf.cross_witness.CrossWitnessProof, hlf_mcp.hlf.cross_witness.CrossWitnessProver, hlf_mcp.hlf.cross_witness.DisagreementReport, hlf_mcp.hlf.cross_witness.DisagreementResolver, hlf_mcp.hlf.cross_witness.QuorumPolicy, hlf_mcp.hlf.cross_witness.ResolutionStrategy, hlf_mcp.hlf.entropy_anchor.DriftDetector, hlf_mcp.hlf.entropy_anchor.DriftReport, hlf_mcp.hlf.entropy_anchor.DriftSeverity, hlf_mcp.hlf.entropy_anchor.EntropyAnchor, hlf_mcp.hlf.entropy_anchor.EntropyAnchorResult, hlf_mcp.hlf.entropy_anchor.ReAnchorDecision, hlf_mcp.hlf.entropy_anchor.ReAnchoringProtocol, hlf_mcp.hlf.entropy_anchor.evaluate_entropy_anchor, hlf_mcp.hlf.knowledge.memory_lease.LeaseManager, hlf_mcp.hlf.knowledge.memory_lease.LeaseViolationError, hlf_mcp.hlf.knowledge.memory_lease.MemoryLease, hlf_mcp.hlf.knowledge_provenance.DerivationKind, hlf_mcp.hlf.knowledge_provenance.GapReport, hlf_mcp.hlf.knowledge_provenance.ProvenanceChain, hlf_mcp.hlf.knowledge_provenance.ProvenanceGapDetector, hlf_mcp.hlf.knowledge_provenance.ProvenanceNode, hlf_mcp.hlf.knowledge_provenance.ProvenanceVerification, hlf_mcp.hlf.knowledge_provenance.ProvenanceVerifier, hlf_mcp.hlf.knowledge_provenance.TrustRoot, hlf_mcp.hlf.knowledge_provenance.TrustRootRegistry, hlf_mcp.hlf.memory_lease_hardening.EvictionResult, hlf_mcp.hlf.memory_lease_hardening.LeaseAuditRecord, hlf_mcp.hlf.memory_lease_hardening.LeaseAuditor, hlf_mcp.hlf.memory_lease_hardening.LeaseMigration, hlf_mcp.hlf.memory_lease_hardening.LeaseNegotiator, hlf_mcp.hlf.memory_lease_hardening.LeasePriority, hlf_mcp.hlf.memory_lease_hardening.MemoryPressureHandler, hlf_mcp.hlf.memory_lease_hardening.MemoryTier, hlf_mcp.hlf.memory_lease_hardening.MigrationPlan, hlf_mcp.hlf.memory_lease_hardening.NegotiatedLease",TEST
tests/test_typed_effect_algebra.py,36,"hlf_mcp.hlf.typed_contracts.EffectClass, hlf_mcp.hlf.typed_contracts.HlfType, hlf_mcp.hlf.typed_contracts.InputContract, hlf_mcp.hlf.typed_contracts.OutputContract, hlf_mcp.hlf.typed_contracts.TypeContract, hlf_mcp.hlf.typed_contracts.TypedEffectDeclaration, hlf_mcp.hlf.typed_effect_algebra.CoercionProof, hlf_mcp.hlf.typed_effect_algebra.EffectChain, hlf_mcp.hlf.typed_effect_algebra.EffectCondition, hlf_mcp.hlf.typed_effect_algebra.EffectConditional, hlf_mcp.hlf.typed_effect_algebra.EffectIterate, hlf_mcp.hlf.typed_effect_algebra.EffectParallel, hlf_mcp.hlf.typed_effect_algebra.EffectProof, hlf_mcp.hlf.typed_effect_algebra.EffectSignature, hlf_mcp.hlf.typed_effect_algebra.EffectType, hlf_mcp.hlf.typed_effect_algebra.NoEffect, hlf_mcp.hlf.typed_effect_algebra.SoundnessVerdict, hlf_mcp.hlf.typed_effect_algebra.TypedEffect, hlf_mcp.hlf.typed_effect_algebra.TypedEffect [lazy], hlf_mcp.hlf.typed_effect_algebra._leaf_declarations [lazy], hlf_mcp.hlf.typed_effect_algebra.build_coercion_table, hlf_mcp.hlf.typed_effect_algebra.build_composition_matrix, hlf_mcp.hlf.typed_effect_algebra.chain, hlf_mcp.hlf.typed_effect_algebra.check_associativity, hlf_mcp.hlf.typed_effect_algebra.check_effect_soundness, hlf_mcp.hlf.typed_effect_algebra.check_idempotence, hlf_mcp.hlf.typed_effect_algebra.check_identity, hlf_mcp.hlf.typed_effect_algebra.check_left_identity, hlf_mcp.hlf.typed_effect_algebra.classify_effect, hlf_mcp.hlf.typed_effect_algebra.conditional, hlf_mcp.hlf.typed_effect_algebra.iterate, hlf_mcp.hlf.typed_effect_algebra.parallel, hlf_mcp.hlf.typed_effect_algebra.prove_coercion, hlf_mcp.hlf.typed_effect_algebra.prove_composition, hlf_mcp.hlf.typed_effect_algebra.prove_effect_chain, hlf_mcp.hlf.typed_effect_algebra.validate_host_function_contract",TEST
tests/test_verification_deepening.py,32,"hlf_mcp.hlf.counterexample_quality.Counterexample, hlf_mcp.hlf.counterexample_quality.CounterexampleGenerator, hlf_mcp.hlf.counterexample_quality.InductiveCounterexample, hlf_mcp.hlf.counterexample_quality.InductiveCounterexampleGenerator, hlf_mcp.hlf.counterexample_quality.compare_counterexamples, hlf_mcp.hlf.counterexample_quality.explain_counterexample, hlf_mcp.hlf.counterexample_quality.generate_inductive_counterexample, hlf_mcp.hlf.counterexample_quality.generate_minimal_counterexample, hlf_mcp.hlf.counterexample_quality.suggest_fix, hlf_mcp.hlf.counterexample_quality.suggest_inductive_fix, hlf_mcp.hlf.formal_verifier.ConstraintKind, hlf_mcp.hlf.formal_verifier.FormalVerifier, hlf_mcp.hlf.formal_verifier.GateDecision, hlf_mcp.hlf.formal_verifier.ProofArtifact, hlf_mcp.hlf.formal_verifier.VerificationBlockedError, hlf_mcp.hlf.formal_verifier.VerificationGate, hlf_mcp.hlf.formal_verifier.VerificationReport, hlf_mcp.hlf.formal_verifier.VerificationResult, hlf_mcp.hlf.formal_verifier.VerificationStatus, hlf_mcp.hlf.formal_verifier.Z3OperatorEncoder, hlf_mcp.hlf.formal_verifier.Z3Solver, hlf_mcp.hlf.formal_verifier.generate_proof_artifact, hlf_mcp.hlf.formal_verifier.normalize_ast, hlf_mcp.hlf.formal_verifier.z3_available, hlf_mcp.hlf.proof_depth.InductiveProofChain, hlf_mcp.hlf.proof_depth.InductiveProver, hlf_mcp.hlf.proof_depth.ProofDepth, hlf_mcp.hlf.proof_depth.ProofObligation, hlf_mcp.hlf.proof_depth.deepen_proof, hlf_mcp.hlf.proof_depth.generate_proof_obligations, hlf_mcp.hlf.proof_depth.measure_proof_depth, hlf_mcp.hlf.proof_depth.rank_obligations_by_impact",TEST
hlf_mcp/gallery/operator_dashboard.py,31,"hlf_mcp.dream_cycle.DreamCycleReport, hlf_mcp.dream_cycle.DreamFinding, hlf_mcp.dream_cycle.build_dream_findings, hlf_mcp.gallery.telemetry.FeedbackCollector, hlf_mcp.gallery.telemetry.FeedbackStatistics, hlf_mcp.gallery.telemetry.create_default_feedback_collector, hlf_mcp.hlf.ascii_proof_surface.AsciiProofSurface, hlf_mcp.hlf.effect_extractor.EffectCompositionProof, hlf_mcp.hlf.effect_extractor.prove_conditional_composition, hlf_mcp.hlf.effect_extractor.prove_parallel_composition, hlf_mcp.hlf.effect_extractor.prove_sequential_composition, hlf_mcp.hlf.egl_monitor.EGLMonitor, hlf_mcp.hlf.formal_verifier.ConstraintKind, hlf_mcp.hlf.formal_verifier.FormalVerifier, hlf_mcp.hlf.formal_verifier.VerificationReport, hlf_mcp.hlf.formal_verifier.VerificationResult, hlf_mcp.hlf.formal_verifier.VerificationStatus, hlf_mcp.hlf.memory_node.EvidenceContract, hlf_mcp.hlf.operand_coverage.CANONICAL_OPERATORS, hlf_mcp.hlf.operand_coverage.OperandCoverage, hlf_mcp.hlf.parametric_proofs.ParametricProver, hlf_mcp.hlf.proof_depth.InductiveProver, hlf_mcp.hlf.proof_depth.ProofDepth, hlf_mcp.hlf.proof_depth.ProofObligation, hlf_mcp.hlf.typed_contracts.HlfType, hlf_mcp.hlf.typed_contracts.InputContract, hlf_mcp.hlf.typed_contracts.OutputContract, hlf_mcp.hlf.typed_contracts.TypeContract, hlf_mcp.hlf.typed_contracts.TypedEffectDeclaration, hlf_mcp.instinct.lifecycle.InstinctLifecycle, hlf_mcp.media_evidence.MediaEvidenceRecord",LEAVE
tests/test_routing_stress.py,31,"hlf_mcp.hlf.routing.capability_router.CapabilityRouter, hlf_mcp.hlf.routing.capability_router.RouteMatch, hlf_mcp.hlf.routing.capability_router.WorkRequest, hlf_mcp.hlf.routing.edge_cases.EdgeCaseResult, hlf_mcp.hlf.routing.edge_cases.RoutingEdgeCase, hlf_mcp.hlf.routing.edge_cases.run_all_edge_cases, hlf_mcp.hlf.routing.edge_cases.test_capability_mismatch, hlf_mcp.hlf.routing.edge_cases.test_empty_registry, hlf_mcp.hlf.routing.edge_cases.test_failover_cascade, hlf_mcp.hlf.routing.edge_cases.test_health_check_flapping, hlf_mcp.hlf.routing.edge_cases.test_load_balancer_starvation, hlf_mcp.hlf.routing.edge_cases.test_race_condition_register_unregister, hlf_mcp.hlf.routing.edge_cases.test_single_node_failure, hlf_mcp.hlf.routing.failover.CircuitBreaker, hlf_mcp.hlf.routing.failover.FailoverManager, hlf_mcp.hlf.routing.failover.FallbackDecision, hlf_mcp.hlf.routing.failover.FallbackDecision [lazy], hlf_mcp.hlf.routing.failover.NodeFailureEvent, hlf_mcp.hlf.routing.failover.RouteEvidence, hlf_mcp.hlf.routing.failover.RouteEvidence [lazy], hlf_mcp.hlf.routing.failover.RouteEvidenceThreshold, hlf_mcp.hlf.routing.failover.RouteEvidenceThreshold [lazy], hlf_mcp.hlf.routing.load_balancer.LoadBalancer, hlf_mcp.hlf.routing.node_registry.NodeRegistry, hlf_mcp.hlf.routing.node_registry.RegisteredNode, hlf_mcp.hlf.routing.route_trace.RouteTraceLedger, hlf_mcp.hlf.routing.route_trace.RouteTraceLedger [lazy], hlf_mcp.hlf.routing.route_trace.TraceRecord, hlf_mcp.hlf.routing.stress_testing.RoutingStressTest, hlf_mcp.hlf.routing.stress_testing.StressResult, hlf_mcp.hlf.routing.stress_testing.StressScenario",TEST
hlf_mcp/server.py,30,"hlf_mcp.doc_ingest.DocumentIngester, hlf_mcp.doc_ingest.summarize_reports, hlf_mcp.hlf.compiler.HLFCompiler, hlf_mcp.hlf.entropy_anchor.evaluate_entropy_anchor, hlf_mcp.hlf.hitl_dashboard.dashboard_html [lazy], hlf_mcp.hlf.hitl_dashboard.handle_action [lazy], hlf_mcp.hlf.runtime.HLFRuntime, hlf_mcp.hlf.streaming.generate_hlf_stream, hlf_mcp.mcp_enforcement.install_mcp_enforcement, hlf_mcp.server_auth.HLF_API_TOKEN, hlf_mcp.server_auth.auth_middleware, hlf_mcp.server_capsule.register_capsule_tools, hlf_mcp.server_completion.register_completion_tools, hlf_mcp.server_context.build_server_context, hlf_mcp.server_context.check_governance_manifest, hlf_mcp.server_core.register_core_tools, hlf_mcp.server_enterprise.register_enterprise_tools, hlf_mcp.server_feedback.register_feedback_tools, hlf_mcp.server_governance.register_governance_tools, hlf_mcp.server_handoff.register_handoff_tools, hlf_mcp.server_instinct.register_instinct_tools, hlf_mcp.server_instructions.build_server_instructions, hlf_mcp.server_memory.register_memory_tools, hlf_mcp.server_native.register_native_tools, hlf_mcp.server_profiles.register_profile_tools, hlf_mcp.server_prompts.register_agent_prompts, hlf_mcp.server_resources.register_resources, hlf_mcp.server_translation.register_translation_tools, hlf_mcp.server_verifier.register_verifier_tools, hlf_mcp.server_workflow_benchmark.register_workflow_benchmark_tools",LEAVE
hlf_mcp/hlf/routing/__init__.py,29,"hlf_mcp.hlf.routing.capability_router.CapabilityRouter, hlf_mcp.hlf.routing.capability_router.RouteMatch, hlf_mcp.hlf.routing.capability_router.WorkRequest, hlf_mcp.hlf.routing.edge_cases.EdgeCaseResult, hlf_mcp.hlf.routing.edge_cases.RoutingEdgeCase, hlf_mcp.hlf.routing.edge_cases.run_all_edge_cases, hlf_mcp.hlf.routing.edge_cases.test_capability_mismatch, hlf_mcp.hlf.routing.edge_cases.test_empty_registry, hlf_mcp.hlf.routing.edge_cases.test_evidence_threshold_violation, hlf_mcp.hlf.routing.edge_cases.test_failover_cascade, hlf_mcp.hlf.routing.edge_cases.test_health_check_flapping, hlf_mcp.hlf.routing.edge_cases.test_load_balancer_starvation, hlf_mcp.hlf.routing.edge_cases.test_race_condition_register_unregister, hlf_mcp.hlf.routing.edge_cases.test_single_node_failure, hlf_mcp.hlf.routing.failover.CircuitBreaker, hlf_mcp.hlf.routing.failover.FailoverManager, hlf_mcp.hlf.routing.failover.FallbackDecision, hlf_mcp.hlf.routing.failover.FallbackHop, hlf_mcp.hlf.routing.failover.NodeFailureEvent, hlf_mcp.hlf.routing.failover.RouteEvidence, hlf_mcp.hlf.routing.failover.RouteEvidenceThreshold, hlf_mcp.hlf.routing.load_balancer.LoadBalancer, hlf_mcp.hlf.routing.node_registry.NodeRegistry, hlf_mcp.hlf.routing.node_registry.RegisteredNode, hlf_mcp.hlf.routing.route_trace.RouteTraceLedger, hlf_mcp.hlf.routing.route_trace.TraceRecord, hlf_mcp.hlf.routing.stress_testing.RoutingStressTest, hlf_mcp.hlf.routing.stress_testing.StressResult, hlf_mcp.hlf.routing.stress_testing.StressScenario",INIT_REEXPORT
tests/test_ecosystem_mcp_bridge.py,28,"hlf_mcp.ecosystem.mcp_bridge.MCPBridge, hlf_mcp.ecosystem.mcp_bridge.MCPToolRegistration, hlf_mcp.ecosystem.mcp_bridge._effect_class_to_category, hlf_mcp.ecosystem.mcp_bridge._effect_safety_class, hlf_mcp.ecosystem.mcp_bridge._hlf_type_to_json_schema, hlf_mcp.ecosystem.mcp_bridge._input_contract_to_json_schema, hlf_mcp.ecosystem.mcp_bridge._output_contract_to_json_schema, hlf_mcp.ecosystem.mcp_bridge.manifest_to_mcp_tool_schemas, hlf_mcp.ecosystem.mcp_bridge.register_manifest_as_mcp_tools, hlf_mcp.hlf.capability_manifest.CapabilityManifest, hlf_mcp.hlf.capability_manifest.EFFECT_TO_CAPABILITY, hlf_mcp.hlf.compiler.HLFCompiler, hlf_mcp.hlf.effect_extractor.EffectExtractor, hlf_mcp.hlf.formal_verifier.ConstraintKind, hlf_mcp.hlf.formal_verifier.VerificationReport, hlf_mcp.hlf.formal_verifier.VerificationResult, hlf_mcp.hlf.formal_verifier.VerificationStatus, hlf_mcp.hlf.two_channel_executor.DataChannel, hlf_mcp.hlf.two_channel_executor.InstructionChannel, hlf_mcp.hlf.two_channel_executor.ProvenanceChain, hlf_mcp.hlf.typed_contracts.EffectClass, hlf_mcp.hlf.typed_contracts.FailureMode, hlf_mcp.hlf.typed_contracts.HlfType, hlf_mcp.hlf.typed_contracts.InputContract, hlf_mcp.hlf.typed_contracts.OutputContract, hlf_mcp.hlf.typed_contracts.ProofRequirement, hlf_mcp.hlf.typed_contracts.TypeContract, hlf_mcp.hlf.typed_contracts.TypedEffectDeclaration",TEST
tests/test_gallery_operatorization.py,28,"hlf_mcp.gallery [lazy], hlf_mcp.gallery.operator_cli._get_feedback_collector [lazy], hlf_mcp.gallery.operator_cli.build_parser [lazy], hlf_mcp.gallery.operator_cli.main [lazy], hlf_mcp.gallery.operator_dashboard.build_dashboard_data [lazy], hlf_mcp.gallery.operator_dashboard.build_dashboard_with_feedback [lazy], hlf_mcp.gallery.operator_dashboard.build_dashboard_with_trend [lazy], hlf_mcp.gallery.operator_dashboard.build_full_scorecard [lazy], hlf_mcp.gallery.operator_dashboard.clear_trend_history [lazy], hlf_mcp.gallery.operator_dashboard.compute_alert_color [lazy], hlf_mcp.gallery.operator_dashboard.compute_alert_threshold [lazy], hlf_mcp.gallery.operator_dashboard.compute_feedback_metrics [lazy], hlf_mcp.gallery.operator_dashboard.compute_formal_verification_pillar_score [lazy], hlf_mcp.gallery.operator_dashboard.compute_gallery_operator_pillar_score [lazy], hlf_mcp.gallery.operator_dashboard.compute_pillar_alerts [lazy], hlf_mcp.gallery.operator_dashboard.compute_typed_effect_pillar_score [lazy], hlf_mcp.gallery.operator_dashboard.display_dashboard_with_alerts [lazy], hlf_mcp.gallery.operator_dashboard.display_fatigue_gauge [lazy], hlf_mcp.gallery.operator_dashboard.generate_dashboard_json [lazy], hlf_mcp.gallery.operator_dashboard.get_trend_history [lazy], hlf_mcp.gallery.operator_dashboard.integrate_telemetry_snapshot [lazy], hlf_mcp.gallery.operator_dashboard.record_trend_snapshot [lazy], hlf_mcp.gallery.operator_dashboard.render_fatigue_gauge [lazy], hlf_mcp.gallery.telemetry.AlertFeedback [lazy], hlf_mcp.gallery.telemetry.TelemetryCollector [lazy], hlf_mcp.gallery.telemetry.TelemetrySnapshot [lazy], hlf_mcp.gallery.telemetry.create_default_collector [lazy], hlf_mcp.gallery.telemetry.create_default_feedback_collector [lazy]",TEST
hlf_mcp/server_core.py,26,"hlf_mcp.hlf.audit_symbolic_surface, hlf_mcp.hlf.code_execution.execute_code_bearing_hlf, hlf_mcp.hlf.compile_symbolic_surface, hlf_mcp.hlf.compiler.CompileError, hlf_mcp.hlf.compiler._estimate_gas, hlf_mcp.hlf.compiler._pass3_align_validate, hlf_mcp.hlf.ethics.governor.GovernorError, hlf_mcp.hlf.ethics.governor.check, hlf_mcp.hlf.exceptions.HLFCompileError, hlf_mcp.hlf.governance_proofs.render_proof_markdown, hlf_mcp.hlf.governance_proofs.verify_governance_proof, hlf_mcp.hlf.hitl_gate.ApprovalRequest, hlf_mcp.hlf.hitl_gate.HITLGate, hlf_mcp.hlf.latent_model_interface.build_latent_session, hlf_mcp.hlf.latent_model_interface.is_latent_available, hlf_mcp.hlf.rag_integrations.JanusIntegration, hlf_mcp.hlf.resource_monitor.ResourceMonitor, hlf_mcp.hlf.swarm_mechanics.build_swarm_mechanics_artifact, hlf_mcp.hlf.wasm_compiler.WasmCompiler, hlf_mcp.ingress_support.build_ingress_denial_reasons, hlf_mcp.ingress_support.persist_runtime_execution_admission, hlf_mcp.ingress_support.resolve_execution_ingress_contract, hlf_mcp.server_context.ServerContext, hlf_mcp.test_runner.DEFAULT_METRICS_DIR, hlf_mcp.test_runner.LATEST_SUMMARY_FILE, hlf_mcp.weekly_artifacts.summarize_weekly_artifacts",LEAVE
hlf_mcp/instinct/lifecycle.py,24,"hlf_mcp.dream_cycle.DreamCycleReport, hlf_mcp.dream_cycle.DreamFinding, hlf_mcp.dream_cycle.build_dream_findings, hlf_mcp.hlf.dream_proposal.DreamProposal, hlf_mcp.hlf.dream_proposal.PromotionRule, hlf_mcp.hlf.dream_proposal._check_cove_gate, hlf_mcp.hlf.dream_proposal.create_dream_proposal, hlf_mcp.hlf.dream_proposal.create_governor_token, hlf_mcp.hlf.dream_proposal.create_validator_signature, hlf_mcp.hlf.dream_proposal.promote_to_binding, hlf_mcp.hlf.dream_proposal.promote_to_candidate, hlf_mcp.hlf.formal_verifier.FormalVerifier, hlf_mcp.hlf.memory_node.EvidenceContract, hlf_mcp.hlf.memory_node.check_evidence_freshness, hlf_mcp.instinct.classification.TaskCategory, hlf_mcp.instinct.classification.classify_intent, hlf_mcp.instinct.classification.get_vocabulary_summary, hlf_mcp.instinct.execution.SpindleDAG, hlf_mcp.instinct.execution.SpindleNode, hlf_mcp.instinct.orchestration.build_orchestration_contract, hlf_mcp.instinct.orchestration.execution_ready_for_verification, hlf_mcp.instinct.orchestration.normalize_execution_trace, hlf_mcp.instinct.orchestration.normalize_task_dag, hlf_mcp.instinct.orchestration.summarize_execution_trace",LEAVE
tests/test_capability_manifest.py,24,"hlf_mcp.hlf.capability_manifest.CapabilityManifest, hlf_mcp.hlf.capability_manifest.EFFECT_TO_CAPABILITY, hlf_mcp.hlf.capability_manifest.EFFECT_TO_TRUST_TIER, hlf_mcp.hlf.capability_manifest.TRUST_TIER_ORDER, hlf_mcp.hlf.capability_manifest._collect_required_capabilities, hlf_mcp.hlf.capability_manifest._determine_trust_tier, hlf_mcp.hlf.compiler.CompileError, hlf_mcp.hlf.compiler.HLFCompiler, hlf_mcp.hlf.effect_extractor.EffectExtractor, hlf_mcp.hlf.formal_verifier.ConstraintKind, hlf_mcp.hlf.formal_verifier.GateDecision, hlf_mcp.hlf.formal_verifier.VerificationGate, hlf_mcp.hlf.formal_verifier.VerificationReport, hlf_mcp.hlf.formal_verifier.VerificationResult, hlf_mcp.hlf.formal_verifier.VerificationStatus, hlf_mcp.hlf.typed_contracts.EffectClass, hlf_mcp.hlf.typed_contracts.FailureMode, hlf_mcp.hlf.typed_contracts.HlfType, hlf_mcp.hlf.typed_contracts.InputContract, hlf_mcp.hlf.typed_contracts.OutputContract, hlf_mcp.hlf.typed_contracts.ProofRequirement, hlf_mcp.hlf.typed_contracts.ProofSurface, hlf_mcp.hlf.typed_contracts.TypeContract, hlf_mcp.hlf.typed_contracts.TypedEffectDeclaration",TEST
tests/test_persona_doctrine.py,24,"hlf_mcp.persona.CapabilityManifest, hlf_mcp.persona.DoctrineComplianceReport, hlf_mcp.persona.DoctrineContract, hlf_mcp.persona.HandoffContract, hlf_mcp.persona.OperatorDoctrine, hlf_mcp.persona.PersonaGate, hlf_mcp.persona.PersonaGateResult, hlf_mcp.persona.PersonaTransitionProof, hlf_mcp.persona.build_operator_doctrine, hlf_mcp.persona.capability_decay.CapabilityDecayModel [lazy], hlf_mcp.persona.capability_decay.DecayReport [lazy], hlf_mcp.persona.check_persona_assignment, hlf_mcp.persona.composition_proofs.CompositionConstraint [lazy], hlf_mcp.persona.composition_proofs.PersonaCompositionProver [lazy], hlf_mcp.persona.doctrine_drift.DoctrineDriftDetector [lazy], hlf_mcp.persona.doctrine_drift.DriftConstraint [lazy], hlf_mcp.persona.doctrine_to_hlf, hlf_mcp.persona.get_handoff_contract, hlf_mcp.persona.prove_persona_transition, hlf_mcp.persona.tier_allows, hlf_mcp.persona.validate_doctrine_compliance, hlf_mcp.persona_contract.load_persona_matrix [lazy], hlf_mcp.persona_contract.resolve_handoff_doctrine_proof [lazy], hlf_mcp.persona_contract.resolve_persona_doctrine_proof [lazy]",TEST
hlf_mcp/__init__.py,23,"hlf_mcp.hlf.HLFBenchmark, hlf_mcp.hlf.HLFBytecode, hlf_mcp.hlf.HLFCodeGenerator, hlf_mcp.hlf.HLFCompiler, hlf_mcp.hlf.HLFFormatter, hlf_mcp.hlf.HLFLinter, hlf_mcp.hlf.HLFRuntime, hlf_mcp.hlf.Tone, hlf_mcp.hlf.TranslationRepairPlan, hlf_mcp.hlf.build_translation_repair_plan, hlf_mcp.hlf.canonicalize_translation_text, hlf_mcp.hlf.chinese_to_hlf, hlf_mcp.hlf.detect_input_language, hlf_mcp.hlf.detect_system_language, hlf_mcp.hlf.detect_tone, hlf_mcp.hlf.english_to_hlf, hlf_mcp.hlf.hlf_source_to_english, hlf_mcp.hlf.hlf_source_to_language, hlf_mcp.hlf.hlf_to_english, hlf_mcp.hlf.hlf_to_language, hlf_mcp.hlf.language_to_hlf, hlf_mcp.hlf.resolve_language, hlf_mcp.hlf.translation_diagnostics",INIT_REEXPORT
hlf_mcp/hlf/model_orchestrator.py,23,"hlf_mcp.hlf.latent_capsule.LatentCapsule, hlf_mcp.hlf.latent_capsule.LatentRoundAttestation, hlf_mcp.hlf.latent_model_interface.LatentRecursiveSession, hlf_mcp.hlf.latent_model_interface.RecursiveSessionConfig, hlf_mcp.hlf.latent_model_interface.is_latent_available, hlf_mcp.hlf.model_availability.ModelAvailabilityCache, hlf_mcp.hlf.model_config.CloudModelEntry, hlf_mcp.hlf.model_config.EscalationConfig, hlf_mcp.hlf.model_config.ModelSubstrateConfig, hlf_mcp.hlf.model_config.ProviderConfig, hlf_mcp.hlf.model_config.build_remote_direct_entries, hlf_mcp.hlf.model_config.enabled_models_for_lane, hlf_mcp.hlf.model_config.escalation_chain_for_lane, hlf_mcp.hlf.model_config.get_api_key, hlf_mcp.hlf.model_config.get_ollama_endpoint, hlf_mcp.hlf.model_config.get_openrouter_endpoint, hlf_mcp.hlf.model_orchestrator, hlf_mcp.hlf.openrouter_client.OpenRouterAPIError, hlf_mcp.hlf.openrouter_client.OpenRouterClient, hlf_mcp.hlf.response_validation.RELAXED_VALIDATION, hlf_mcp.hlf.response_validation.ValidationConfig, hlf_mcp.hlf.response_validation.validate_ollama_response, hlf_mcp.hlf.response_validation.validate_openrouter_response",LEAVE
tests/test_ecosystem_rest_bridge.py,23,"hlf_mcp.ecosystem.rest_bridge.RESTBridge, hlf_mcp.ecosystem.rest_bridge.RESTEndpoint, hlf_mcp.ecosystem.rest_bridge._build_security_for_tier, hlf_mcp.ecosystem.rest_bridge._determine_http_method, hlf_mcp.ecosystem.rest_bridge._effect_class_to_category, hlf_mcp.ecosystem.rest_bridge._effect_to_path, hlf_mcp.ecosystem.rest_bridge._hlf_type_to_openapi_type, hlf_mcp.ecosystem.rest_bridge._input_contract_to_openapi_request_body, hlf_mcp.ecosystem.rest_bridge._output_contract_to_openapi_response, hlf_mcp.ecosystem.rest_bridge._param_to_openapi_property, hlf_mcp.ecosystem.rest_bridge.generate_openapi_from_manifests, hlf_mcp.ecosystem.rest_bridge.generate_openapi_json_from_manifests, hlf_mcp.hlf.capability_manifest.CapabilityManifest, hlf_mcp.hlf.capability_manifest.TRUST_TIER_ORDER, hlf_mcp.hlf.compiler.HLFCompiler, hlf_mcp.hlf.typed_contracts.EffectClass, hlf_mcp.hlf.typed_contracts.FailureMode, hlf_mcp.hlf.typed_contracts.HlfType, hlf_mcp.hlf.typed_contracts.InputContract, hlf_mcp.hlf.typed_contracts.OutputContract, hlf_mcp.hlf.typed_contracts.ProofRequirement, hlf_mcp.hlf.typed_contracts.TypeContract, hlf_mcp.hlf.typed_contracts.TypedEffectDeclaration",TEST
tests/test_proof_artifacts.py,23,"hlf_mcp.hlf.formal_verifier.ConstraintKind, hlf_mcp.hlf.formal_verifier.FormalVerifier, hlf_mcp.hlf.formal_verifier.ProofArtifact, hlf_mcp.hlf.formal_verifier.VerificationResult, hlf_mcp.hlf.formal_verifier.VerificationStatus, hlf_mcp.hlf.formal_verifier.compute_coverage [lazy], hlf_mcp.hlf.formal_verifier.detect_missing_coverage [lazy], hlf_mcp.hlf.formal_verifier.export_proof_artifacts, hlf_mcp.hlf.formal_verifier.export_proof_artifacts [lazy], hlf_mcp.hlf.formal_verifier.generate_proof_artifact, hlf_mcp.hlf.formal_verifier.run_regression_suite [lazy], hlf_mcp.hlf.formal_verifier.verify_control_flow_equivalences [lazy], hlf_mcp.hlf.formal_verifier.verify_operator_class [lazy], hlf_mcp.hlf.formal_verifier.verify_set_operations [lazy], hlf_mcp.hlf.formal_verifier.verify_type_coercions [lazy], hlf_mcp.hlf.formal_verifier.z3_available, hlf_mcp.hlf.proof_artifacts.ProofStatus [lazy], hlf_mcp.hlf.proof_artifacts.admit_proof, hlf_mcp.hlf.proof_artifacts.admit_proof [lazy], hlf_mcp.hlf.proof_artifacts.create_proof_artifact, hlf_mcp.hlf.proof_artifacts.create_proof_artifact [lazy], hlf_mcp.hlf.proof_artifacts.deny_proof [lazy], hlf_mcp.hlf.proof_artifacts.format_proof_report [lazy]",TEST
hlf_mcp/hlf/swarm_orchestrator.py,21,"hlf_mcp.hlf.HLFCompiler, hlf_mcp.hlf.bytecode.HLFBytecode, hlf_mcp.hlf.capability_manifest.CapabilityManifest, hlf_mcp.hlf.compiler.CompileError, hlf_mcp.hlf.effect_extractor.EffectExtractor, hlf_mcp.hlf.formal_verifier.FormalVerifier, hlf_mcp.hlf.formal_verifier.GateDecision, hlf_mcp.hlf.formal_verifier.VerificationGate, hlf_mcp.hlf.hlf_llm_bridge.HLFLLMBridge, hlf_mcp.hlf.hlf_llm_bridge.LLMCallResult, hlf_mcp.hlf.hlf_source_to_english, hlf_mcp.hlf.language_to_hlf, hlf_mcp.hlf.swarm_consensus.QuorumType, hlf_mcp.hlf.swarm_consensus.SwarmLedger, hlf_mcp.hlf.swarm_consensus.VotePosition, hlf_mcp.hlf.swarm_observer.SwarmObserver, hlf_mcp.hlf.two_channel_executor.DataChannel, hlf_mcp.hlf.two_channel_executor.TwoChannelExecutor, hlf_mcp.hlf.two_channel_executor.build_data_channel, hlf_mcp.hlf.witness_governance.WitnessGovernance, hlf_mcp.hlf.witness_governance.WitnessObservation",LEAVE
tests/test_persona_workflows.py,21,"hlf_mcp.governed_review.default_governed_review [lazy], hlf_mcp.governed_review.validate_governed_review [lazy], hlf_mcp.handoff_events.PERSONA_ROLES, hlf_mcp.handoff_events.normalize_handoff_event, hlf_mcp.handoff_events.persona_lineage_entry, hlf_mcp.instinct.lifecycle._task_type_to_role, hlf_mcp.instinct.lifecycle._task_type_to_role [lazy], hlf_mcp.persona_contract.load_persona_matrix, hlf_mcp.persona_contract.load_persona_matrix [lazy], hlf_mcp.persona_contract.resolve_persona_contract, hlf_mcp.persona_runtime.resolve_persona_runtime_metadata [lazy], hlf_mcp.server, hlf_mcp.server_resources._build_persona_doctrine_report [lazy], hlf_mcp.server_resources._persona_doctrine_status [lazy], hlf_mcp.server_resources._persona_doctrine_summary [lazy], hlf_mcp.server_resources._render_gallery_markdown [lazy], hlf_mcp.server_resources._render_memory_audit_chain_status [lazy], hlf_mcp.server_resources._render_operator_proof_gallery_status [lazy], hlf_mcp.server_resources._render_operator_surfaces_status [lazy], hlf_mcp.server_resources._render_persona_doctrine_markdown [lazy], hlf_mcp.server_resources._render_persona_doctrine_status [lazy]",TEST
hlf_mcp/gallery/operator_cli.py,19,"hlf_mcp.gallery.operator_dashboard._get_lifecycle [lazy], hlf_mcp.gallery.operator_dashboard.build_dashboard_data, hlf_mcp.gallery.operator_dashboard.build_full_scorecard [lazy], hlf_mcp.gallery.operator_dashboard.collect_constitutional_violations [lazy], hlf_mcp.gallery.operator_dashboard.collect_manifest_audit_trail [lazy], hlf_mcp.gallery.operator_dashboard.compute_feedback_metrics, hlf_mcp.gallery.operator_dashboard.display_dashboard, hlf_mcp.gallery.operator_dashboard.display_fatigue_gauge, hlf_mcp.gallery.operator_dashboard.export_evidence_report [lazy], hlf_mcp.gallery.operator_dashboard.generate_dashboard_json, hlf_mcp.gallery.operator_dashboard.render_dream_findings_panel [lazy], hlf_mcp.gallery.operator_dashboard.render_evidence_panel [lazy], hlf_mcp.gallery.operator_dashboard.render_mission_panel [lazy], hlf_mcp.gallery.telemetry.FeedbackCollector, hlf_mcp.gallery.telemetry.FeedbackStatistics, hlf_mcp.gallery.telemetry.TelemetryCollector, hlf_mcp.gallery.telemetry.TelemetrySnapshot, hlf_mcp.gallery.telemetry.create_default_collector, hlf_mcp.gallery.telemetry.create_default_feedback_collector",LEAVE
hlf_mcp/server_resources.py,19,"hlf_mcp.hlf.agent_prompt.build_hlf_native_system_prompt, hlf_mcp.hlf.bytecode.HLFBytecode, hlf_mcp.hlf.bytecode.OPCODES, hlf_mcp.hlf.compiler.HLFCompiler, hlf_mcp.hlf.governance_proofs.render_proof_markdown, hlf_mcp.hlf.governance_proofs.verify_governance_proof, hlf_mcp.hlf.grammar.HLF_GRAMMAR [lazy], hlf_mcp.hlf.symbolic_surfaces.compile_symbolic_surface, hlf_mcp.ingress_support.normalize_ingress_status, hlf_mcp.ingress_support.summarize_ingress_status, hlf_mcp.instinct.orchestration.build_orchestration_contract, hlf_mcp.persona_contract.load_persona_matrix, hlf_mcp.persona_runtime.load_persona_runtime_catalog, hlf_mcp.server_profiles.build_multimodal_contract_catalog, hlf_mcp.server_profiles.build_profile_capability_catalog, hlf_mcp.weekly_artifacts.build_persona_review_summary, hlf_mcp.weekly_artifacts.find_weekly_artifact, hlf_mcp.weekly_artifacts.load_verified_weekly_artifacts, hlf_mcp.weekly_artifacts.summarize_weekly_artifacts",LEAVE
hlf_mcp/server_translation.py,19,"hlf_mcp.hlf.capsules.capsule_for_tier, hlf_mcp.hlf.compiler.CompileError, hlf_mcp.hlf.ethics.constitution.evaluate_constitution, hlf_mcp.hlf.hlf_llm_bridge.HLFLLMBridge, hlf_mcp.hlf.insaits, hlf_mcp.hlf.translator.build_translation_repair_plan, hlf_mcp.hlf.translator.hlf_to_english, hlf_mcp.hlf.translator.hlf_to_language, hlf_mcp.hlf.translator.language_to_hlf, hlf_mcp.hlf.translator.normalize_cognitive_lane_policy, hlf_mcp.hlf.translator.resolve_language, hlf_mcp.hlf.translator.resolve_language_with_policy, hlf_mcp.hlf.translator.translation_diagnostics, hlf_mcp.ingress_support.build_ingress_denial_reasons, hlf_mcp.ingress_support.persist_runtime_execution_admission, hlf_mcp.ingress_support.resolve_execution_ingress_contract, hlf_mcp.mcp_enforcement.build_mcp_call_binding, hlf_mcp.server_context.ServerContext, hlf_mcp.server_core.run_hlf_swarm_mechanics",LEAVE
tests/test_persona_runtime_proof.py,19,"hlf_mcp.handoff_events.PERSONA_ROLES, hlf_mcp.hlf.compiler.HLFCompiler, hlf_mcp.hlf.execution_admission.evaluate_verifier_admission [lazy], hlf_mcp.hlf.formal_verifier.FormalVerifier, hlf_mcp.hlf.formal_verifier.GateDecision, hlf_mcp.hlf.formal_verifier.VerificationGate, hlf_mcp.hlf.swarm_consensus.SwarmLedger, hlf_mcp.hlf.swarm_consensus.VotePosition, hlf_mcp.hlf.swarm_observer.SwarmObserver, hlf_mcp.hlf.swarm_orchestrator.SwarmOrchestrator, hlf_mcp.hlf.swarm_orchestrator.SwarmPhase, hlf_mcp.hlf.swarm_orchestrator.SwarmResult, hlf_mcp.hlf.witness_governance.WitnessGovernance, hlf_mcp.hlf.witness_governance.WitnessObservation, hlf_mcp.persona_contract.load_persona_matrix [lazy], hlf_mcp.persona_contract.resolve_persona_contract, hlf_mcp.persona_runtime.load_persona_runtime_catalog [lazy], hlf_mcp.persona_runtime.resolve_persona_runtime_metadata, hlf_mcp.server [lazy]",TEST
tests/test_real_code_bridge_hardening.py,19,"hlf_mcp.hlf.error_translation.ErrorTranslator, hlf_mcp.hlf.error_translation.PythonExceptionMapping, hlf_mcp.hlf.error_translation.TranslatedViolation, hlf_mcp.hlf.error_translation.ViolationCategory, hlf_mcp.hlf.error_translation.translate_exception, hlf_mcp.hlf.import_whitelist.CapabilityTier, hlf_mcp.hlf.import_whitelist.ImportCheck, hlf_mcp.hlf.import_whitelist.ImportRule, hlf_mcp.hlf.import_whitelist.ImportWhitelist, hlf_mcp.hlf.python_type_coercion.CoercionResult, hlf_mcp.hlf.python_type_coercion.CoercionRule, hlf_mcp.hlf.python_type_coercion.CoercionSafety, hlf_mcp.hlf.python_type_coercion.TypeCoercionContract, hlf_mcp.hlf.python_type_coercion.coerce_hlf_value, hlf_mcp.hlf.sandbox_executor.GasMeter, hlf_mcp.hlf.sandbox_executor.SandboxConfig, hlf_mcp.hlf.sandbox_executor.SandboxExecution, hlf_mcp.hlf.sandbox_executor.SandboxExecutor, hlf_mcp.hlf.sandbox_executor.SandboxResult",TEST
tests/test_two_channel_execution.py,19,"hlf_mcp.hlf.bytecode.HLFBytecode, hlf_mcp.hlf.capability_manifest.CapabilityManifest, hlf_mcp.hlf.code_execution.execute_two_channel_hlf [lazy], hlf_mcp.hlf.compiler.HLFCompiler, hlf_mcp.hlf.formal_verifier.ConstraintKind, hlf_mcp.hlf.formal_verifier.FormalVerifier, hlf_mcp.hlf.formal_verifier.GateDecision, hlf_mcp.hlf.formal_verifier.VerificationBlockedError, hlf_mcp.hlf.formal_verifier.VerificationGate, hlf_mcp.hlf.formal_verifier.VerificationReport, hlf_mcp.hlf.formal_verifier.VerificationResult, hlf_mcp.hlf.formal_verifier.VerificationStatus, hlf_mcp.hlf.two_channel_executor.DataChannel, hlf_mcp.hlf.two_channel_executor.ExecutionResult, hlf_mcp.hlf.two_channel_executor.InstructionChannel, hlf_mcp.hlf.two_channel_executor.ProvenanceChain, hlf_mcp.hlf.two_channel_executor.TwoChannelExecutor, hlf_mcp.hlf.two_channel_executor.build_data_channel, hlf_mcp.hlf.two_channel_executor.build_instruction_channel",TEST
tests/test_hybrid_rag.py,18,"hlf_mcp.hlf.hybrid_rag.HybridRAG, hlf_mcp.hlf.hybrid_rag._CrossEncoderReranker, hlf_mcp.hlf.hybrid_rag._InMemoryVectorStore, hlf_mcp.hlf.hybrid_rag._SimpleBM25, hlf_mcp.hlf.hybrid_rag._bag_of_words_embedding, hlf_mcp.hlf.hybrid_rag._cosine_sim, hlf_mcp.hlf.hybrid_rag._tokenize, hlf_mcp.hlf.hybrid_rag.create_hybrid_rag, hlf_mcp.hlf.hybrid_rag.get_hybrid_rag, hlf_mcp.hlf.rag_integrations.AnythingLLMImport, hlf_mcp.hlf.rag_integrations.BaseIntegration, hlf_mcp.hlf.rag_integrations.BrowserOSGuidesIntegration, hlf_mcp.hlf.rag_integrations.ChronosGraphIntegration, hlf_mcp.hlf.rag_integrations.EvidenceContract, hlf_mcp.hlf.rag_integrations.JanusIntegration, hlf_mcp.hlf.rag_integrations.LOLLMSImport, hlf_mcp.hlf.rag_integrations.MSTYImport, hlf_mcp.hlf.rag_integrations.create_all_integrations",TEST
tests/test_routing_fabric.py,18,"hlf_mcp.hlf.routing.RouteProfile, hlf_mcp.hlf.routing._SPECIALIZATION_PATTERNS, hlf_mcp.hlf.routing._TIER_WALK_ORDER, hlf_mcp.hlf.routing.capability_router.CapabilityRouter, hlf_mcp.hlf.routing.capability_router.RouteMatch, hlf_mcp.hlf.routing.capability_router.WorkRequest, hlf_mcp.hlf.routing.complexity_score, hlf_mcp.hlf.routing.failover.FailoverManager, hlf_mcp.hlf.routing.failover.NodeFailureEvent, hlf_mcp.hlf.routing.is_model_allowed, hlf_mcp.hlf.routing.load_balancer.LoadBalancer, hlf_mcp.hlf.routing.node_registry.NodeRegistry, hlf_mcp.hlf.routing.node_registry.RegisteredNode, hlf_mcp.hlf.routing.require_evidence_gate, hlf_mcp.hlf.routing.route_intent, hlf_mcp.hlf.routing.route_request, hlf_mcp.hlf.routing.route_with_fallback, hlf_mcp.hlf.routing.select_model_by_tier",TEST
tests/test_translator.py,18,"hlf_mcp.hlf.translator.COGNITIVE_LANE_POLICIES, hlf_mcp.hlf.translator.Tone, hlf_mcp.hlf.translator.build_translation_repair_plan, hlf_mcp.hlf.translator.canonicalize_translation_text, hlf_mcp.hlf.translator.chinese_to_hlf, hlf_mcp.hlf.translator.detect_input_language, hlf_mcp.hlf.translator.detect_system_language, hlf_mcp.hlf.translator.detect_tone, hlf_mcp.hlf.translator.english_to_hlf, hlf_mcp.hlf.translator.hlf_source_to_english, hlf_mcp.hlf.translator.hlf_source_to_language, hlf_mcp.hlf.translator.hlf_to_english, hlf_mcp.hlf.translator.hlf_to_language, hlf_mcp.hlf.translator.language_to_hlf, hlf_mcp.hlf.translator.normalize_cognitive_lane_policy, hlf_mcp.hlf.translator.resolve_language, hlf_mcp.hlf.translator.resolve_language_with_policy, hlf_mcp.hlf.translator.translation_diagnostics",TEST
hlf_mcp/ecosystem/mcp_bridge.py,17,"hlf_mcp.ecosystem.circuit_breaker.CircuitBreaker, hlf_mcp.ecosystem.circuit_breaker.CircuitOpenError, hlf_mcp.ecosystem.rate_limiter.RateLimiter, hlf_mcp.ecosystem.retry_policy.RetryPolicy, hlf_mcp.hlf.capability_manifest.CapabilityManifest, hlf_mcp.hlf.capability_manifest.EFFECT_TO_CAPABILITY, hlf_mcp.hlf.capability_manifest.EFFECT_TO_TRUST_TIER, hlf_mcp.hlf.two_channel_executor.DataChannel, hlf_mcp.hlf.two_channel_executor.InstructionChannel, hlf_mcp.hlf.two_channel_executor.ProvenanceChain, hlf_mcp.hlf.typed_contracts.EffectClass, hlf_mcp.hlf.typed_contracts.HlfType, hlf_mcp.hlf.typed_contracts.InputContract, hlf_mcp.hlf.typed_contracts.OutputContract, hlf_mcp.hlf.typed_contracts.ProofSurface, hlf_mcp.hlf.typed_contracts.TypeContract, hlf_mcp.hlf.typed_contracts.TypedEffectDeclaration",LEAVE
tests/test_ethics.py,17,"hlf_mcp.hlf.bytecode.HLFBytecode [lazy], hlf_mcp.hlf.compiler.CompileError [lazy], hlf_mcp.hlf.compiler.HLFCompiler [lazy], hlf_mcp.hlf.ethics.constitution.Violation [lazy], hlf_mcp.hlf.ethics.constitution.evaluate_constitution [lazy], hlf_mcp.hlf.ethics.constitution.violations_to_strings [lazy], hlf_mcp.hlf.ethics.governor.EthicalGovernor [lazy], hlf_mcp.hlf.ethics.governor.GovernorError [lazy], hlf_mcp.hlf.ethics.governor.check [lazy], hlf_mcp.hlf.ethics.red_hat [lazy], hlf_mcp.hlf.ethics.red_hat.verify_declaration [lazy], hlf_mcp.hlf.ethics.rogue_detection [lazy], hlf_mcp.hlf.ethics.rogue_detection.RogueSignal [lazy], hlf_mcp.hlf.ethics.termination [lazy], hlf_mcp.hlf.exceptions.HLFCompileError [lazy], hlf_mcp.hlf.runtime.HLFRuntime [lazy], hlf_mcp.server.hlf_run [lazy]",TEST
tests/test_integration_demo.py,17,"hlf_mcp.hlf.agent_identity.AgentIdentity [lazy], hlf_mcp.hlf.agent_identity.AgentIdentityAuth [lazy], hlf_mcp.hlf.capability_manifest.CapabilityManifest [lazy], hlf_mcp.hlf.hitl_gate.ApprovalRequest, hlf_mcp.hlf.hitl_gate.ApprovalRequest [lazy], hlf_mcp.hlf.hitl_gate.HITLGate, hlf_mcp.hlf.hitl_gate.HITLGate [lazy], hlf_mcp.hlf.merkle_dr.export_merkle_backup, hlf_mcp.hlf.merkle_dr.restore_from_backup, hlf_mcp.hlf.merkle_dr.verify_merkle_backup, hlf_mcp.hlf.network_isolation.assert_air_gapped [lazy], hlf_mcp.hlf.network_isolation.is_air_gapped_available, hlf_mcp.hlf.secret_capsule.SecretCapsule [lazy], hlf_mcp.hlf.secret_capsule.decrypt_secret, hlf_mcp.hlf.secret_capsule.decrypt_secret [lazy], hlf_mcp.hlf.secret_capsule.encrypt_secret, hlf_mcp.hlf.secret_capsule.encrypt_secret [lazy]",TEST
tests/test_operator_dashboard.py,17,"hlf_mcp.gallery.evidence_renderer.EvidenceSummaryRenderer [lazy], hlf_mcp.gallery.operator_dashboard.build_dashboard_data [lazy], hlf_mcp.gallery.operator_dashboard.collect_constitutional_violations [lazy], hlf_mcp.gallery.operator_dashboard.collect_manifest_audit_trail [lazy], hlf_mcp.gallery.operator_dashboard.collect_swarm_state [lazy], hlf_mcp.gallery.operator_dashboard.collect_verification_decisions [lazy], hlf_mcp.gallery.operator_dashboard.demo [lazy], hlf_mcp.gallery.operator_dashboard.display_dashboard [lazy], hlf_mcp.gallery.operator_dashboard.display_dream_findings_panel [lazy], hlf_mcp.gallery.operator_dashboard.display_evidence_panel [lazy], hlf_mcp.gallery.operator_dashboard.display_mission_panel [lazy], hlf_mcp.gallery.operator_dashboard.export_evidence_report [lazy], hlf_mcp.gallery.operator_dashboard.generate_dashboard_json [lazy], hlf_mcp.gallery.operator_dashboard.render_dream_findings_panel [lazy], hlf_mcp.gallery.operator_dashboard.render_evidence_panel [lazy], hlf_mcp.gallery.operator_dashboard.render_mission_panel [lazy], hlf_mcp.hlf.memory_node.EvidenceContract [lazy]",TEST
hlf_mcp/ecosystem/rest_bridge.py,16,"hlf_mcp.ecosystem.circuit_breaker.CircuitBreaker, hlf_mcp.ecosystem.circuit_breaker.CircuitOpenError, hlf_mcp.ecosystem.credential_manager.CredentialManager, hlf_mcp.ecosystem.rate_limiter.RateLimiter, hlf_mcp.hlf.capability_manifest.CapabilityManifest, hlf_mcp.hlf.capability_manifest.EFFECT_TO_CAPABILITY, hlf_mcp.hlf.capability_manifest.EFFECT_TO_TRUST_TIER, hlf_mcp.hlf.capability_manifest.TRUST_TIER_ORDER, hlf_mcp.hlf.two_channel_executor.DataChannel, hlf_mcp.hlf.two_channel_executor.ProvenanceChain, hlf_mcp.hlf.typed_contracts.EffectClass, hlf_mcp.hlf.typed_contracts.HlfType, hlf_mcp.hlf.typed_contracts.InputContract, hlf_mcp.hlf.typed_contracts.OutputContract, hlf_mcp.hlf.typed_contracts.TypeContract, hlf_mcp.hlf.typed_contracts.TypedEffectDeclaration",LEAVE
hlf_mcp/server_profiles.py,16,"hlf_mcp.hlf.governed_ingress.RateLimitRule, hlf_mcp.hlf.governed_routing.build_governed_route, hlf_mcp.hlf.model_catalog.build_lane_trace_context, hlf_mcp.hlf.model_catalog.evaluate_model_against_profile, hlf_mcp.hlf.model_catalog.evaluate_model_requirement_tiers, hlf_mcp.hlf.model_catalog.evaluate_model_requirements, hlf_mcp.hlf.model_catalog.load_model_qualification_profiles, hlf_mcp.hlf.model_catalog.sync_model_catalog, hlf_mcp.hlf.model_config.build_remote_direct_entries, hlf_mcp.hlf.model_config.load_model_config, hlf_mcp.hlf.routing_trace.RouteDecisionRecord, hlf_mcp.hlf.routing_trace.RouteTraceRecord, hlf_mcp.hlf.routing_trace.build_operator_route_summary, hlf_mcp.hlf.translator.normalize_cognitive_lane_policy, hlf_mcp.hlf.translator.resolve_language_with_policy, hlf_mcp.server_context.ServerContext",LEAVE
tests/test_dream_cycle_gating.py,16,"hlf_mcp.dream_cycle.DreamFinding, hlf_mcp.hlf.dream_proposal.DreamProposal, hlf_mcp.hlf.dream_proposal.PromotionRule, hlf_mcp.hlf.dream_proposal._check_cove_gate, hlf_mcp.hlf.dream_proposal._count_valid_signatures, hlf_mcp.hlf.dream_proposal._validate_governor_token, hlf_mcp.hlf.dream_proposal.create_dream_proposal, hlf_mcp.hlf.dream_proposal.create_governor_token, hlf_mcp.hlf.dream_proposal.create_validator_signature, hlf_mcp.hlf.dream_proposal.promote_to_binding, hlf_mcp.hlf.dream_proposal.promote_to_candidate, hlf_mcp.instinct.lifecycle.InstinctLifecycle, hlf_mcp.instinct.lifecycle.PHASES, hlf_mcp.instinct.lifecycle.PHASE_INDEX, hlf_mcp.instinct.lifecycle._ALLOWED_NEXT, hlf_mcp.instinct.lifecycle._GATES",TEST
tests/test_fastmcp_frontdoor.py,16,"hlf_mcp.hlf.align_governor.AlignVerdict, hlf_mcp.hlf.build_embodied_action_envelope, hlf_mcp.hlf.capsules.capsule_for_tier, hlf_mcp.hlf.formal_verifier.ConstraintKind, hlf_mcp.hlf.formal_verifier.VerificationReport, hlf_mcp.hlf.formal_verifier.VerificationResult, hlf_mcp.hlf.formal_verifier.VerificationStatus, hlf_mcp.hlf.governance_proofs.build_governance_proof, hlf_mcp.hlf.memory_node.build_pointer_ref, hlf_mcp.hlf.runtime._dispatch_host, hlf_mcp.mcp_enforcement.build_mcp_call_binding, hlf_mcp.server, hlf_mcp.server_capsule._build_execution_admission_record, hlf_mcp.server_context.build_server_context, hlf_mcp.server_core.register_core_tools, hlf_mcp.server_resources",TEST
tests/test_modeltron.py,16,"hlf_mcp.hlf.modeltron [lazy], hlf_mcp.hlf.modeltron.AggregatedMetrics, hlf_mcp.hlf.modeltron.DEFAULT_ERROR_RATE_DEGRADED, hlf_mcp.hlf.modeltron.DEFAULT_LATENCY_DEGRADED_MS, hlf_mcp.hlf.modeltron.DEFAULT_TIME_WINDOW, hlf_mcp.hlf.modeltron.DEFAULT_WINDOW_SIZE, hlf_mcp.hlf.modeltron.FeedbackLoop, hlf_mcp.hlf.modeltron.PerformanceRecord, hlf_mcp.hlf.modeltron.PerformanceTracker, hlf_mcp.hlf.modeltron.RoutingFeedback, hlf_mcp.hlf.modeltron.RoutingHint, hlf_mcp.hlf.modeltron.get_feedback, hlf_mcp.hlf.modeltron.get_feedback_loop, hlf_mcp.hlf.modeltron.get_routing_hints, hlf_mcp.hlf.modeltron.get_tracker, hlf_mcp.hlf.modeltron.report_performance",TEST
tests/test_network_isolation.py,16,"hlf_mcp [lazy], hlf_mcp.hlf.compiler.HLFCompiler [lazy], hlf_mcp.hlf.formatter.HLFFormatter [lazy], hlf_mcp.hlf.import_whitelist.CapabilityTier [lazy], hlf_mcp.hlf.import_whitelist.check_import_tier [lazy], hlf_mcp.hlf.linter.HLFLinter [lazy], hlf_mcp.hlf.merkle_dr.export_merkle_backup, hlf_mcp.hlf.merkle_dr.verify_merkle_backup, hlf_mcp.hlf.network_isolation.NetworkBlockedError, hlf_mcp.hlf.network_isolation.air_gapped, hlf_mcp.hlf.network_isolation.assert_air_gapped, hlf_mcp.hlf.network_isolation.is_air_gapped_available, hlf_mcp.hlf.runtime.HlfVM [lazy], hlf_mcp.hlf.stdlib.net_mod.HTTP_GET [lazy], hlf_mcp.hlf.stdlib.net_mod.HTTP_POST [lazy], hlf_mcp.server [lazy]",TEST
hlf_mcp/hlf/benchmark.py,15,"hlf_mcp.hlf.authority.authority_matrix, hlf_mcp.hlf.authority.downstream_guidance, hlf_mcp.hlf.code_execution.execute_code_bearing_hlf, hlf_mcp.hlf.compiler.HLFCompiler, hlf_mcp.hlf.formal_verifier.FormalVerifier, hlf_mcp.hlf.governance_proofs.build_anchor, hlf_mcp.hlf.governance_proofs.build_governance_proof, hlf_mcp.hlf.governance_proofs.sha256_digest, hlf_mcp.hlf.governance_proofs.verify_governance_proof, hlf_mcp.hlf.hlf_llm_bridge.HLFLLMBridge, hlf_mcp.hlf.linter.HLFLinter, hlf_mcp.hlf.swarm_mechanics.build_swarm_mechanics_artifact, hlf_mcp.hlf.translator.english_to_hlf, hlf_mcp.hlf.translator.language_to_hlf, hlf_mcp.hlf.translator.translation_diagnostics",LEAVE
hlf_mcp/hlf/code_execution.py,15,"hlf_mcp.hlf.bytecode.HLFBytecode, hlf_mcp.hlf.compiler.HLFCompiler, hlf_mcp.hlf.formal_verifier.FormalVerifier, hlf_mcp.hlf.formal_verifier.GateDecision, hlf_mcp.hlf.formal_verifier.VerificationBlockedError, hlf_mcp.hlf.formal_verifier.VerificationGate, hlf_mcp.hlf.governance_proofs.build_anchor, hlf_mcp.hlf.governance_proofs.build_governance_proof, hlf_mcp.hlf.governance_proofs.governance_body, hlf_mcp.hlf.governance_proofs.sha256_digest, hlf_mcp.hlf.linter.HLFLinter, hlf_mcp.hlf.runtime.HLFRuntime, hlf_mcp.hlf.two_channel_executor.DataChannel, hlf_mcp.hlf.two_channel_executor.TwoChannelExecutor, hlf_mcp.hlf.two_channel_executor.build_data_channel",LEAVE
hlf_mcp/hlf/governance_orchestrator.py,15,"hlf_mcp.hlf.approval_ledger.ApprovalLedger, hlf_mcp.hlf.audit_chain.AuditChain, hlf_mcp.hlf.daemon_manager.DaemonManager, hlf_mcp.hlf.governance_event_log.GovernanceEventLog, hlf_mcp.hlf.governance_events.GovernanceEvent, hlf_mcp.hlf.governance_events.GovernanceEventKind, hlf_mcp.hlf.governance_events.GovernanceEventRef, hlf_mcp.hlf.governance_events.GovernanceSeverity, hlf_mcp.hlf.governance_events.GovernanceStatus, hlf_mcp.hlf.governance_events.normalize_governance_ref, hlf_mcp.hlf.governance_events.normalize_related_refs, hlf_mcp.hlf.witness_governance.WitnessGovernance, hlf_mcp.hlf.witness_governance.WitnessObservation, hlf_mcp.hlf.witness_governance.WitnessRecommendedAction, hlf_mcp.rag.memory.RAGMemory",LEAVE
tests/test_typed_contracts.py,15,"hlf_mcp.hlf.formal_verifier.ConstraintKind, hlf_mcp.hlf.formal_verifier.FormalVerifier, hlf_mcp.hlf.formal_verifier.VerificationResult, hlf_mcp.hlf.formal_verifier.VerificationStatus, hlf_mcp.hlf.typed_contracts.EffectClass, hlf_mcp.hlf.typed_contracts.EffectContractAssessment, hlf_mcp.hlf.typed_contracts.FailureMode, hlf_mcp.hlf.typed_contracts.HlfType, hlf_mcp.hlf.typed_contracts.InputContract, hlf_mcp.hlf.typed_contracts.OutputContract, hlf_mcp.hlf.typed_contracts.ProofRequirement, hlf_mcp.hlf.typed_contracts.ProofSurface, hlf_mcp.hlf.typed_contracts.TypeContract, hlf_mcp.hlf.typed_contracts.TypedEffectDeclaration, hlf_mcp.hlf.typed_contracts.validate_host_function_contract",TEST
hlf_mcp/hlf/compiler.py,14,"hlf_mcp.hlf.bytecode.HLFBytecode, hlf_mcp.hlf.capability_manifest.CapabilityManifest, hlf_mcp.hlf.effect_extractor.EffectExtractor, hlf_mcp.hlf.ethics.constitutional_check.ConstitutionalViolationError, hlf_mcp.hlf.ethics.constitutional_check.check_constitution, hlf_mcp.hlf.ethics.governor.GovernorError, hlf_mcp.hlf.ethics.governor.check, hlf_mcp.hlf.formal_verifier.FormalVerifier, hlf_mcp.hlf.grammar.ASCII_ALIASES, hlf_mcp.hlf.grammar.CONFUSABLES, hlf_mcp.hlf.grammar.GLYPHS, hlf_mcp.hlf.grammar.HLF_GRAMMAR, hlf_mcp.hlf.two_channel_executor.InstructionChannel, hlf_mcp.hlf.two_channel_executor.build_instruction_channel",LEAVE
hlf_mcp/hlf/effect_extractor.py,14,"hlf_mcp.hlf.capability_manifest.CapabilityManifest, hlf_mcp.hlf.capability_manifest.EFFECT_TO_TRUST_TIER, hlf_mcp.hlf.capability_manifest.TRUST_TIER_ORDER, hlf_mcp.hlf.capability_manifest._collect_required_capabilities, hlf_mcp.hlf.capability_manifest._determine_trust_tier, hlf_mcp.hlf.typed_contracts.EffectClass, hlf_mcp.hlf.typed_contracts.FailureMode, hlf_mcp.hlf.typed_contracts.HlfType, hlf_mcp.hlf.typed_contracts.InputContract, hlf_mcp.hlf.typed_contracts.OutputContract, hlf_mcp.hlf.typed_contracts.ProofRequirement, hlf_mcp.hlf.typed_contracts.ProofSurface, hlf_mcp.hlf.typed_contracts.TypeContract, hlf_mcp.hlf.typed_contracts.TypedEffectDeclaration",LEAVE
hlf_mcp/server_enterprise.py,14,"hlf_mcp.hlf.backend_benchmark.BackendBenchmark, hlf_mcp.hlf.capability_manifest.CapabilityManifest, hlf_mcp.hlf.hitl_gate.HITLGate, hlf_mcp.hlf.load_tester.CapsuleQueueConfig, hlf_mcp.hlf.load_tester.run_load_test, hlf_mcp.hlf.merkle_dr.MerkleBackupError, hlf_mcp.hlf.merkle_dr._compute_chain_root, hlf_mcp.hlf.merkle_dr.export_merkle_backup, hlf_mcp.hlf.merkle_dr.verify_merkle_backup, hlf_mcp.hlf.model_version.ModelVersionResult, hlf_mcp.hlf.model_version.verify_model_versions, hlf_mcp.hlf.secret_capsule.SecretCapsule, hlf_mcp.hlf.secret_capsule.SecretNotFoundError, hlf_mcp.hlf.secret_capsule.compute_secret_hash",LEAVE
tests/test_server_enterprise.py,14,"hlf_mcp.hlf.hitl_gate.HITLGate [lazy], hlf_mcp.server_auth [lazy], hlf_mcp.server_auth.HLF_API_TOKEN [lazy], hlf_mcp.server_auth.auth_middleware [lazy], hlf_mcp.server_auth.verify_token [lazy], hlf_mcp.server_enterprise._register_ab_test_tools [lazy], hlf_mcp.server_enterprise._register_chaos_tools [lazy], hlf_mcp.server_enterprise._register_evidence_tools [lazy], hlf_mcp.server_enterprise._register_hitl_tools [lazy], hlf_mcp.server_enterprise._register_load_test_tools [lazy], hlf_mcp.server_enterprise._register_merkle_tools [lazy], hlf_mcp.server_enterprise._register_model_version_tools [lazy], hlf_mcp.server_enterprise._register_secret_tools [lazy], hlf_mcp.server_enterprise.register_enterprise_tools [lazy]",TEST
compounding_benchmark.py,13,"hlf_mcp.hlf.benchmark._COMPLEX_WORKFLOW_HLF, hlf_mcp.hlf.benchmark._COMPLEX_WORKFLOW_NLP, hlf_mcp.hlf.benchmark._SWARM_WORKFLOW_HLF, hlf_mcp.hlf.benchmark._SWARM_WORKFLOW_NLP, hlf_mcp.hlf.benchmark._count, hlf_mcp.hlf.compiler.HLFCompiler, hlf_mcp.hlf.hlf_llm_bridge.HLFLLMBridge, hlf_mcp.hlf.translator.language_to_hlf, hlf_mcp.hlf.translator.translation_diagnostics, hlf_mcp.rag.memory.HKSProvenance, hlf_mcp.rag.memory.HKSTestEvidence, hlf_mcp.rag.memory.HKSValidatedExemplar, hlf_mcp.server_context.build_server_context",LEAVE
hlf_mcp/hlf/benchmark_legacy.py,13,"hlf_mcp.hlf.authority.authority_matrix, hlf_mcp.hlf.authority.downstream_guidance, hlf_mcp.hlf.code_execution.execute_code_bearing_hlf, hlf_mcp.hlf.compiler.HLFCompiler, hlf_mcp.hlf.formal_verifier.FormalVerifier, hlf_mcp.hlf.governance_proofs.build_anchor, hlf_mcp.hlf.governance_proofs.build_governance_proof, hlf_mcp.hlf.governance_proofs.sha256_digest, hlf_mcp.hlf.governance_proofs.verify_governance_proof, hlf_mcp.hlf.linter.HLFLinter, hlf_mcp.hlf.swarm_mechanics.build_swarm_mechanics_artifact, hlf_mcp.hlf.translator.language_to_hlf, hlf_mcp.hlf.translator.translation_diagnostics",LEAVE
hlf_mcp/hlf/real_code_bridge/__init__.py,13,"hlf_mcp.hlf.real_code_bridge.bytecode_roundtrip.BytecodeRoundtripper, hlf_mcp.hlf.real_code_bridge.bytecode_roundtrip.RoundtripResult, hlf_mcp.hlf.real_code_bridge.bytecode_roundtrip.prove_bytecode_roundtrip, hlf_mcp.hlf.real_code_bridge.effect_audit.AuditResult, hlf_mcp.hlf.real_code_bridge.effect_audit.EffectAuditor, hlf_mcp.hlf.real_code_bridge.effect_audit.audit_effects, hlf_mcp.hlf.real_code_bridge.equivalence.EquivalenceProver, hlf_mcp.hlf.real_code_bridge.equivalence.EquivalenceResult, hlf_mcp.hlf.real_code_bridge.equivalence.prove_equivalence, hlf_mcp.hlf.real_code_bridge.proof_matrix.FixtureCatalog, hlf_mcp.hlf.real_code_bridge.proof_matrix.ProofMatrix, hlf_mcp.hlf.real_code_bridge.proof_matrix.ProofMatrixEntry, hlf_mcp.hlf.real_code_bridge.proof_matrix.ProofMatrixReport",INIT_REEXPORT
tests/test_backend_benchmark.py,13,"hlf_mcp.hlf.backend_benchmark.BackendBenchmark, hlf_mcp.hlf.backend_benchmark.BackendComparison, hlf_mcp.hlf.backend_benchmark.BackendRanking, hlf_mcp.hlf.backend_benchmark.BackendResponse, hlf_mcp.hlf.backend_benchmark.BackendScore, hlf_mcp.hlf.backend_benchmark.BenchmarkPrompt, hlf_mcp.hlf.backend_benchmark.BenchmarkRun, hlf_mcp.hlf.backend_benchmark._normal_cdf, hlf_mcp.hlf.backend_benchmark._wilson_score_interval, hlf_mcp.hlf.backend_benchmark.compare_backends, hlf_mcp.hlf.backend_benchmark.compute_cohens_d, hlf_mcp.hlf.backend_benchmark.compute_paired_t_test, hlf_mcp.hlf.backend_benchmark.score_response",TEST
tests/test_orchestration_contracts.py,13,"hlf_mcp.hlf.orchestration_contracts.DelegationContract, hlf_mcp.hlf.orchestration_contracts.DissentRecord, hlf_mcp.hlf.orchestration_contracts.EscalationPath, hlf_mcp.hlf.orchestration_contracts.HandoffContract, hlf_mcp.hlf.orchestration_contracts.build_escalation_path, hlf_mcp.hlf.orchestration_contracts.build_handoff, hlf_mcp.hlf.orchestration_contracts.record_dissent, hlf_mcp.hlf.orchestration_contracts.resolve_dissent, hlf_mcp.hlf.orchestration_contracts.validate_delegation, hlf_mcp.hlf.plan_decomposition.DecomposedPlan, hlf_mcp.hlf.plan_decomposition.PlanStep, hlf_mcp.hlf.plan_decomposition.decompose_plan, hlf_mcp.hlf.plan_decomposition.validate_step_ordering",TEST
hlf_mcp/bridges/msty_claw/__init__.py,12,"hlf_mcp.bridges.msty_claw.audit_bridge.AuditEvent, hlf_mcp.bridges.msty_claw.audit_bridge.CausalChain, hlf_mcp.bridges.msty_claw.audit_bridge.MstyAuditBridge, hlf_mcp.bridges.msty_claw.audit_bridge.RecourseResult, hlf_mcp.bridges.msty_claw.constraint_bridge.ConstraintResult, hlf_mcp.bridges.msty_claw.constraint_bridge.MstyConstraintBridge, hlf_mcp.bridges.msty_claw.memory_bridge.Contradiction, hlf_mcp.bridges.msty_claw.memory_bridge.DECAY_RULES, hlf_mcp.bridges.msty_claw.memory_bridge.MstyMemoryBridge, hlf_mcp.bridges.msty_claw.memory_bridge.ProvenancedEntry, hlf_mcp.bridges.msty_claw.memory_bridge.SOURCE_CONFIDENCE, hlf_mcp.bridges.msty_claw.memory_bridge.ValidationResult",INIT_REEXPORT
hlf_mcp/server_capsule.py,12,"hlf_mcp.hlf.approval_ledger.ApprovalDecisionError, hlf_mcp.hlf.approval_ledger.ApprovalTokenMismatchError, hlf_mcp.hlf.capsules.capsule_for_tier, hlf_mcp.hlf.compiler.CompileError, hlf_mcp.hlf.embodied.assess_embodied_host_call, hlf_mcp.hlf.execution_admission.evaluate_verifier_admission, hlf_mcp.hlf.insaits, hlf_mcp.hlf.memory_node.verify_pointer_ref, hlf_mcp.ingress_support.build_ingress_denial_reasons, hlf_mcp.ingress_support.resolve_execution_ingress_contract, hlf_mcp.instinct.orchestration.build_orchestration_contract, hlf_mcp.server_context.ServerContext",LEAVE
tests/test_capsule_pointer_trust.py,12,"hlf_mcp.hlf.align_governor.AlignVerdict, hlf_mcp.hlf.capsules.capsule_for_tier, hlf_mcp.hlf.formal_verifier.ConstraintKind, hlf_mcp.hlf.formal_verifier.VerificationReport, hlf_mcp.hlf.formal_verifier.VerificationResult, hlf_mcp.hlf.formal_verifier.VerificationStatus, hlf_mcp.hlf.memory_node.HLFPointer, hlf_mcp.hlf.memory_node.build_pointer_ref, hlf_mcp.hlf.memory_node.verify_pointer_ref, hlf_mcp.hlf.runtime._dispatch_host, hlf_mcp.server, hlf_mcp.server_capsule._build_execution_admission_record",TEST
tests/test_gallery_modules.py,12,"hlf_mcp.gallery [lazy], hlf_mcp.gallery.manifest_viewer.build_sample_manifest [lazy], hlf_mcp.gallery.manifest_viewer.demo [lazy], hlf_mcp.gallery.manifest_viewer.display_manifest [lazy], hlf_mcp.gallery.provenance_viewer.build_sample_provenance [lazy], hlf_mcp.gallery.provenance_viewer.demo [lazy], hlf_mcp.gallery.provenance_viewer.display_provenance [lazy], hlf_mcp.gallery.type_explorer.SAMPLE_PROGRAMS [lazy], hlf_mcp.gallery.type_explorer.demo [lazy], hlf_mcp.gallery.verification_viewer.build_sample_report [lazy], hlf_mcp.gallery.verification_viewer.demo [lazy], hlf_mcp.gallery.verification_viewer.display_verification_report [lazy]",TEST
tests/test_knowledge_contracts.py,12,"hlf_mcp.hlf.entropy_anchor.EntropyAnchorResult, hlf_mcp.hlf.knowledge.consistency_proof.ConsistencyProof, hlf_mcp.hlf.knowledge.consistency_proof.ConsistencyProofResult, hlf_mcp.hlf.knowledge.freshness_guarantee.FreshnessGuarantee, hlf_mcp.hlf.knowledge.freshness_guarantee.FreshnessGuaranteeChecker, hlf_mcp.hlf.knowledge.memory_lease.LeaseManager, hlf_mcp.hlf.knowledge.memory_lease.LeaseViolationError, hlf_mcp.hlf.knowledge.memory_lease.MemoryLease, hlf_mcp.hlf.memory_node.EvidenceContract, hlf_mcp.hlf.memory_node.FreshnessVerdict, hlf_mcp.hlf.witness_governance.TrustStateSnapshot, hlf_mcp.hlf.witness_governance.WitnessObservation",TEST
hlf_mcp/hlf/capability_manifest.py,11,"hlf_mcp.hlf.typed_contracts [lazy], hlf_mcp.hlf.typed_contracts.EffectClass, hlf_mcp.hlf.typed_contracts.FailureMode, hlf_mcp.hlf.typed_contracts.HlfType, hlf_mcp.hlf.typed_contracts.HlfType [lazy], hlf_mcp.hlf.typed_contracts.InputContract, hlf_mcp.hlf.typed_contracts.OutputContract, hlf_mcp.hlf.typed_contracts.ProofRequirement, hlf_mcp.hlf.typed_contracts.ProofSurface, hlf_mcp.hlf.typed_contracts.TypeContract [lazy], hlf_mcp.hlf.typed_contracts.TypedEffectDeclaration",LEAVE
hlf_mcp/hlf/formal_verifier.py,11,"hlf_mcp.hlf.proof_artifacts.ProofArtifact, hlf_mcp.hlf.proof_artifacts.ProofStatus, hlf_mcp.hlf.proof_artifacts.admit_proof, hlf_mcp.hlf.proof_artifacts.create_proof_artifact, hlf_mcp.hlf.proof_artifacts.deny_proof, hlf_mcp.hlf.proof_artifacts.format_proof_report, hlf_mcp.hlf.proof_depth.measure_proof_depth, hlf_mcp.hlf.typed_contracts.EffectContractAssessment, hlf_mcp.hlf.typed_contracts.OutputContract, hlf_mcp.hlf.typed_contracts.ProofSurface, hlf_mcp.hlf.typed_contracts.TypedEffectDeclaration",LEAVE
hlf_mcp/hlf/latent_capsule.py,11,"hlf_mcp.hlf.capability_manifest.CapabilityManifest, hlf_mcp.hlf.capsules.CapsuleViolation, hlf_mcp.hlf.capsules.IntentCapsule, hlf_mcp.hlf.capsules.sovereign_capsule, hlf_mcp.hlf.hitl_gate.HITLGate, hlf_mcp.hlf.hitl_gate.require_human_approval, hlf_mcp.hlf.latent_model_interface.LatentRecursiveSession, hlf_mcp.hlf.latent_model_interface.RecursiveSessionConfig, hlf_mcp.hlf.model_orchestrator._resolve_checkpoint_base, hlf_mcp.hlf.model_version.verify_model_versions, hlf_mcp.hlf.resource_monitor.ResourceMonitor",LEAVE
hlf_mcp/hlf/spine_proof.py,11,"hlf_mcp.hlf.governance_proofs.PROOF_BOUNDARY, hlf_mcp.hlf.governance_proofs.ZERO_HASH, hlf_mcp.hlf.governance_proofs.build_anchor, hlf_mcp.hlf.governance_proofs.build_event_chain, hlf_mcp.hlf.governance_proofs.build_governance_proof, hlf_mcp.hlf.governance_proofs.freeze_payload, hlf_mcp.hlf.governance_proofs.render_proof_markdown, hlf_mcp.hlf.governance_proofs.sha256_digest, hlf_mcp.hlf.governance_proofs.summarize_memory_anchor_trust, hlf_mcp.hlf.governance_proofs.verify_event_chain, hlf_mcp.hlf.governance_proofs.verify_governance_proof",LEAVE
tests/test_p1_risk_surfaces.py,11,"hlf_mcp.hlf.bytecode.HLFBytecode [lazy], hlf_mcp.hlf.bytecode._HEADER_SIZE [lazy], hlf_mcp.hlf.compiler.CompileError [lazy], hlf_mcp.hlf.compiler.HLFCompiler [lazy], hlf_mcp.hlf.runtime.HLFRuntimeError [lazy], hlf_mcp.hlf.runtime.HlfVM [lazy], hlf_mcp.hlf.runtime.HlfVMGasExhausted [lazy], hlf_mcp.hlf.runtime._query_memory_context [lazy], hlf_mcp.hlf.stdlib.net_mod [lazy], hlf_mcp.server_context.build_server_context [lazy], hlf_mcp.server_core.register_core_tools [lazy]",TEST
hlf_mcp/ecosystem/schema_translator.py,10,"hlf_mcp.hlf.capability_manifest.CapabilityManifest, hlf_mcp.hlf.typed_contracts.HlfType, hlf_mcp.hlf.typed_contracts.HlfType [lazy], hlf_mcp.hlf.typed_contracts.InputContract, hlf_mcp.hlf.typed_contracts.OutputContract, hlf_mcp.hlf.typed_contracts.ParametricType, hlf_mcp.hlf.typed_contracts.RefinementType, hlf_mcp.hlf.typed_contracts.TypeContract, hlf_mcp.hlf.typed_contracts.TypeContract [lazy], hlf_mcp.hlf.typed_contracts.TypedEffectDeclaration",LEAVE
hlf_mcp/hlf/checkpoint_executor.py,10,"hlf_mcp.hlf.knowledge.consistency_proof.ConsistencyProof, hlf_mcp.hlf.knowledge.consistency_proof.ConsistencyProofResult, hlf_mcp.hlf.knowledge.memory_lease.LeaseManager, hlf_mcp.hlf.knowledge.memory_lease.MemoryLease, hlf_mcp.hlf.multi_phase_executor.AgentPlan, hlf_mcp.hlf.multi_phase_executor.Conflict, hlf_mcp.hlf.multi_phase_executor.ConsolidatedPlan, hlf_mcp.hlf.multi_phase_executor.MultiPhaseExecutor, hlf_mcp.hlf.multi_phase_executor.MultiPhaseResult, hlf_mcp.hlf.multi_phase_executor.PhaseResult",LEAVE
hlf_mcp/hlf/governed_complete.py,10,"hlf_mcp.hlf.governed_routing.GovernedRouteVerdict, hlf_mcp.hlf.governed_routing.build_governed_route, hlf_mcp.hlf.model_config.escalation_chain_for_lane, hlf_mcp.hlf.model_orchestrator.ModelOrchestrationError, hlf_mcp.hlf.model_orchestrator.ModelOrchestrator, hlf_mcp.hlf.model_orchestrator.OrchestrationResult, hlf_mcp.hlf.task_classifier.TASK_TYPE_REGISTRY, hlf_mcp.hlf.task_classifier.TaskEnvelope, hlf_mcp.hlf.task_classifier.classify_intent, hlf_mcp.hlf.task_classifier.task_envelope_to_workload",LEAVE
hlf_mcp/operator_cli.py,10,"hlf_mcp.evidence_query.print_payload, hlf_mcp.hlf.compiler.HLFCompiler, hlf_mcp.hlf.formal_verifier.FormalVerifier, hlf_mcp.hlf.formal_verifier.VerificationGate, hlf_mcp.server_context.build_server_context, hlf_mcp.server_core.load_test_suite_summary, hlf_mcp.server_memory.apply_memory_governance, hlf_mcp.server_resources.render_resource_uri, hlf_mcp.server_translation.run_hlf_do, hlf_mcp.weekly_artifacts.summarize_weekly_artifacts",LEAVE
hlf_mcp/server_handoff.py,10,"hlf_mcp.handoff_events.build_handoff_contract_template, hlf_mcp.handoff_events.evaluate_semantic_drift, hlf_mcp.handoff_events.normalize_handoff_event, hlf_mcp.handoff_events.verify_handoff_chain, hlf_mcp.instinct.orchestration.build_orchestration_contract, hlf_mcp.instinct.orchestration.normalize_execution_trace, hlf_mcp.instinct.orchestration.normalize_task_dag, hlf_mcp.instinct.orchestration.summarize_execution_trace, hlf_mcp.server_context.ServerContext, hlf_mcp.server_icons._emoji_icon",LEAVE
scripts/run_pipeline_scheduled.py,10,"hlf_mcp.local_scheduler.get_local_scheduler_status, hlf_mcp.local_scheduler.load_local_scheduler_settings, hlf_mcp.rag.memory.RAGMemory, hlf_mcp.test_runner.DEFAULT_METRICS_DIR, hlf_mcp.test_runner.run_pytest_suite, hlf_mcp.weekly_artifacts.attach_weekly_artifact_verification, hlf_mcp.weekly_artifacts.build_hks_exemplar_from_weekly_artifact, hlf_mcp.weekly_artifacts.build_weekly_artifact, hlf_mcp.weekly_artifacts.build_weekly_artifact_memory_record, hlf_mcp.weekly_artifacts.validate_weekly_artifact",LEAVE
tests/test_proof_matrix.py,10,"hlf_mcp.hlf.real_code_bridge.bytecode_roundtrip.BytecodeRoundtripper, hlf_mcp.hlf.real_code_bridge.bytecode_roundtrip.RoundtripResult, hlf_mcp.hlf.real_code_bridge.effect_audit.AuditResult, hlf_mcp.hlf.real_code_bridge.effect_audit.EffectAuditor, hlf_mcp.hlf.real_code_bridge.equivalence.EquivalenceProver, hlf_mcp.hlf.real_code_bridge.equivalence.EquivalenceResult, hlf_mcp.hlf.real_code_bridge.proof_matrix.FixtureCatalog, hlf_mcp.hlf.real_code_bridge.proof_matrix.ProofMatrix, hlf_mcp.hlf.real_code_bridge.proof_matrix.ProofMatrixEntry, hlf_mcp.hlf.real_code_bridge.proof_matrix.ProofMatrixReport",TEST
tests/test_routing_contracts.py,10,"hlf_mcp.hlf.governed_routing.GovernedRouteVerdict, hlf_mcp.hlf.governed_routing.build_fail_closed_verdict, hlf_mcp.hlf.governed_routing.build_governed_route, hlf_mcp.hlf.routing_contracts.RouteTraceContract, hlf_mcp.hlf.routing_contracts.build_fallback_evidence, hlf_mcp.hlf.routing_contracts.build_route_rationale, hlf_mcp.hlf.routing_contracts.validate_route_trace, hlf_mcp.hlf.routing_trace.RouteDecisionRecord, hlf_mcp.hlf.routing_trace.RouteTraceRecord, hlf_mcp.hlf.routing_trace.build_operator_route_summary",TEST
.github/scripts/governed_review_contract.py,9,"hlf_mcp.governed_review.build_code_quality_governed_review, hlf_mcp.governed_review.build_doc_accuracy_governed_review, hlf_mcp.governed_review.build_ethics_review_governed_review, hlf_mcp.governed_review.build_evolution_governed_review, hlf_mcp.governed_review.build_model_drift_governed_review, hlf_mcp.governed_review.build_security_patterns_governed_review, hlf_mcp.governed_review.build_spec_sentinel_governed_review, hlf_mcp.governed_review.build_test_health_governed_review, hlf_mcp.governed_review.evolution_plan_schema",LEAVE
hlf_mcp/hlf/routing/edge_cases.py,9,"hlf_mcp.hlf.routing.capability_router.CapabilityRouter, hlf_mcp.hlf.routing.capability_router.RouteMatch, hlf_mcp.hlf.routing.capability_router.WorkRequest, hlf_mcp.hlf.routing.edge_cases, hlf_mcp.hlf.routing.failover.FailoverManager, hlf_mcp.hlf.routing.failover.RouteEvidence, hlf_mcp.hlf.routing.failover.RouteEvidenceThreshold, hlf_mcp.hlf.routing.load_balancer.LoadBalancer, hlf_mcp.hlf.routing.node_registry.NodeRegistry",LEAVE
tests/test_constitutional_check.py,9,"hlf_mcp.hlf.compiler.CompileError, hlf_mcp.hlf.compiler.HLFCompiler, hlf_mcp.hlf.ethics.constitutional_check.ConstitutionalViolationError [lazy], hlf_mcp.hlf.ethics.constitutional_check._check_agent_identity [lazy], hlf_mcp.hlf.ethics.constitutional_check._check_data_exfiltration [lazy], hlf_mcp.hlf.ethics.constitutional_check._check_network_effects [lazy], hlf_mcp.hlf.ethics.constitutional_check._check_unbounded_recursion [lazy], hlf_mcp.hlf.ethics.constitutional_check.check_constitution [lazy], hlf_mcp.hlf.ethics.constitutional_check.check_constitution_collect [lazy]",TEST
tests/test_execution_admission.py,9,"hlf_mcp.hlf.bytecode.HLFBytecode, hlf_mcp.hlf.compiler.HLFCompiler, hlf_mcp.hlf.execution_admission.evaluate_verifier_admission, hlf_mcp.hlf.formal_verifier.ConstraintKind, hlf_mcp.hlf.formal_verifier.FormalVerifier, hlf_mcp.hlf.formal_verifier.VerificationReport, hlf_mcp.hlf.formal_verifier.VerificationResult, hlf_mcp.hlf.formal_verifier.VerificationStatus, hlf_mcp.hlf.runtime.HLFRuntime",TEST
tests/test_formal_verifier.py,9,"hlf_mcp.hlf.build_embodied_action_envelope, hlf_mcp.hlf.compiler.HLFCompiler, hlf_mcp.hlf.formal_verifier.ConstraintKind, hlf_mcp.hlf.formal_verifier.FormalVerifier, hlf_mcp.hlf.formal_verifier.VerificationReport, hlf_mcp.hlf.formal_verifier.VerificationResult, hlf_mcp.hlf.formal_verifier.VerificationStatus, hlf_mcp.hlf.formal_verifier.normalize_ast, hlf_mcp.hlf.memory_node.build_pointer_ref",TEST
tests/test_hks_live_embeddings.py,9,"hlf_mcp.hlf.openrouter_client.ChatResult [lazy], hlf_mcp.hlf.openrouter_client.OpenRouterClient [lazy], hlf_mcp.rag.memory.HKSProvenance, hlf_mcp.rag.memory.HKSTestEvidence, hlf_mcp.rag.memory.HKSValidatedExemplar, hlf_mcp.rag.memory.RAGMemory, hlf_mcp.rag.memory._dense_cosine, hlf_mcp.server_context._build_ollama_embed_fn [lazy], hlf_mcp.server_context.build_server_context [lazy]",TEST
tests/test_ollama_pulse.py,9,"hlf_mcp.hlf.ollama_pulse [lazy], hlf_mcp.hlf.ollama_pulse.CatalogUpdater, hlf_mcp.hlf.ollama_pulse.DEFAULT_CATALOG_TTL, hlf_mcp.hlf.ollama_pulse.DEFAULT_SCAN_INTERVAL, hlf_mcp.hlf.ollama_pulse.DiffResult, hlf_mcp.hlf.ollama_pulse.ModelRecord, hlf_mcp.hlf.ollama_pulse.ModelScanner, hlf_mcp.hlf.ollama_pulse.PulseMonitor, hlf_mcp.hlf.ollama_pulse.get_pulse_monitor",TEST
tests/test_operator_proof.py,9,"hlf_mcp.server_resources._explain_verifier_finding, hlf_mcp.server_resources._render_memory_provenance_markdown, hlf_mcp.server_resources._render_memory_provenance_status, hlf_mcp.server_resources._render_promotion_rationale_markdown, hlf_mcp.server_resources._render_promotion_rationale_status, hlf_mcp.server_resources._render_route_evidence_markdown, hlf_mcp.server_resources._render_route_evidence_status, hlf_mcp.server_resources._render_verifier_explainer_markdown, hlf_mcp.server_resources._render_verifier_explainer_status",TEST
tests/test_real_code_bridge.py,9,"hlf_mcp.hlf.bytecode.HLFBytecode, hlf_mcp.hlf.compiler.HLFCompiler, hlf_mcp.hlf.real_code_bridge.bytecode_roundtrip.BytecodeRoundtripper, hlf_mcp.hlf.real_code_bridge.bytecode_roundtrip.prove_bytecode_roundtrip, hlf_mcp.hlf.real_code_bridge.effect_audit.EffectAuditor, hlf_mcp.hlf.real_code_bridge.effect_audit.audit_effects, hlf_mcp.hlf.real_code_bridge.equivalence.EquivalenceProver, hlf_mcp.hlf.real_code_bridge.equivalence.prove_equivalence, hlf_mcp.hlf.runtime.HLFRuntime [lazy]",TEST
tests/test_secret_management.py,9,"hlf_mcp.hlf.latent_capsule._write_latent_observability_trace [lazy], hlf_mcp.hlf.secret_capsule.SecretCapsule [lazy], hlf_mcp.hlf.secret_capsule.SecretCapsuleError [lazy], hlf_mcp.hlf.secret_capsule.SecretNotFoundError, hlf_mcp.hlf.secret_capsule.SecretNotFoundError [lazy], hlf_mcp.hlf.secret_capsule.compute_secret_hash [lazy], hlf_mcp.hlf.secret_capsule.decrypt_secret [lazy], hlf_mcp.hlf.secret_capsule.encrypt_secret [lazy], hlf_mcp.hlf.secret_capsule.parse_secret_glyphs [lazy]",TEST
_agent_onboarding.py,8,"hlf_mcp.hlf.compiler.HLFCompiler, hlf_mcp.hlf.formatter.HLFFormatter, hlf_mcp.hlf.governance_proofs.render_proof_markdown, hlf_mcp.hlf.linter.HLFLinter, hlf_mcp.hlf.translator.hlf_to_english, hlf_mcp.hlf.translator.language_to_hlf, hlf_mcp.hlf.wasm_compiler.WasmCompiler, hlf_mcp.rag.memory.RAGMemory",LEAVE
hlf_mcp/evidence_query.py,8,"hlf_mcp.weekly_artifacts.ALLOWED_ARTIFACT_STATUSES, hlf_mcp.weekly_artifacts.ALLOWED_DECISION_TYPES, hlf_mcp.weekly_artifacts.ALLOWED_TRIAGE_LANES, hlf_mcp.weekly_artifacts.build_persona_gate_status, hlf_mcp.weekly_artifacts.find_weekly_artifact, hlf_mcp.weekly_artifacts.load_verified_weekly_artifacts, hlf_mcp.weekly_artifacts.record_weekly_artifact_decision, hlf_mcp.weekly_artifacts.summarize_weekly_artifacts",LEAVE
hlf_mcp/hlf/ascii_proof_surface.py,8,"hlf_mcp.hlf.ascii_proof_surface, hlf_mcp.hlf.formal_verifier.FormalVerifier, hlf_mcp.hlf.formal_verifier.ProofArtifact, hlf_mcp.hlf.formal_verifier.Z3OperatorEncoder, hlf_mcp.hlf.formal_verifier.compute_coverage, hlf_mcp.hlf.formal_verifier.detect_missing_coverage, hlf_mcp.hlf.formal_verifier.export_proof_artifacts, hlf_mcp.hlf.formal_verifier.run_regression_suite",LEAVE
hlf_mcp/hlf/hlflsp.py,8,"hlf_mcp.hlf.compiler.CompileError, hlf_mcp.hlf.compiler.HLFCompiler, hlf_mcp.hlf.grammar.GLYPHS, hlf_mcp.hlf.grammar.STATEMENT_GLYPHS, hlf_mcp.hlf.grammar.TAGS, hlf_mcp.hlf.linter.HLFLinter, hlf_mcp.hlf.registry.HostFunctionRegistry, hlf_mcp.hlf.stdlib [lazy]",LEAVE
hlf_mcp/hlf/multi_phase_executor.py,8,"hlf_mcp.hlf.HLFCompiler, hlf_mcp.hlf.compiler.CompileError, hlf_mcp.hlf.formal_verifier.FormalVerifier, hlf_mcp.hlf.formal_verifier.GateDecision, hlf_mcp.hlf.language_to_hlf, hlf_mcp.hlf.swarm_observer.SwarmObserver, hlf_mcp.hlf.witness_governance.WitnessGovernance, hlf_mcp.hlf.witness_governance.WitnessObservation",LEAVE
hlf_mcp/hlf/two_channel_executor.py,8,"hlf_mcp.hlf.audit_trail.AuditEvent, hlf_mcp.hlf.audit_trail.AuditEvent [lazy], hlf_mcp.hlf.audit_trail.AuditTrail, hlf_mcp.hlf.capability_manifest.CapabilityManifest, hlf_mcp.hlf.formal_verifier.GateDecision, hlf_mcp.hlf.formal_verifier.VerificationBlockedError, hlf_mcp.hlf.formal_verifier.VerificationGate, hlf_mcp.hlf.formal_verifier.VerificationReport",LEAVE
hlf_mcp/hlf/typed_effect_algebra.py,8,"hlf_mcp.hlf.typed_contracts.EffectClass, hlf_mcp.hlf.typed_contracts.FailureMode, hlf_mcp.hlf.typed_contracts.HlfType, hlf_mcp.hlf.typed_contracts.InputContract, hlf_mcp.hlf.typed_contracts.OutputContract, hlf_mcp.hlf.typed_contracts.ProofRequirement, hlf_mcp.hlf.typed_contracts.TypedEffectDeclaration, hlf_mcp.hlf.typed_effect_algebra",LEAVE
hlf_mcp/server_swarm.py,8,"hlf_mcp.hlf.HLFCompiler, hlf_mcp.hlf.exceptions.HLFToolError, hlf_mcp.hlf.formal_verifier.FormalVerifier, hlf_mcp.hlf.swarm_observer.SwarmObserver, hlf_mcp.hlf.swarm_orchestrator.SwarmOrchestrator, hlf_mcp.hlf.witness_governance.WitnessGovernance, hlf_mcp.server_icons._emoji_icon, hlf_mcp.task_helpers.task_meta",LEAVE
hlf_mcp/weekly_artifacts.py,8,"hlf_mcp.governed_review.normalize_governed_review, hlf_mcp.governed_review.validate_governed_review, hlf_mcp.rag.memory.HKSProvenance, hlf_mcp.rag.memory.HKSTestEvidence, hlf_mcp.rag.memory.HKSValidatedExemplar, hlf_mcp.server, hlf_mcp.test_runner.DEFAULT_METRICS_DIR, hlf_mcp.test_runner.LATEST_SUMMARY_FILE",LEAVE
tests/test_complex_workflow_benchmarks.py,8,"hlf_mcp.hlf.benchmark._COMPLEX_WORKFLOW_HLF, hlf_mcp.hlf.benchmark._COMPLEX_WORKFLOW_NLP, hlf_mcp.hlf.benchmark._NEW_PIPE_TEMPLATE_SCENARIOS, hlf_mcp.hlf.benchmark.get_pipe_template_hlf, hlf_mcp.hlf.benchmark.get_pipe_template_nlp, hlf_mcp.hlf.benchmark.run_complex_workflow_benchmarks, hlf_mcp.hlf.compiler.CompileError, hlf_mcp.hlf.compiler.HLFCompiler",TEST
tests/test_doc_ingest.py,8,"hlf_mcp.doc_ingest.AUTHORITY_LEVELS, hlf_mcp.doc_ingest.DocumentChunk, hlf_mcp.doc_ingest.DocumentIngester, hlf_mcp.doc_ingest.IngestionReport, hlf_mcp.doc_ingest.KNOWN_DOMAINS, hlf_mcp.doc_ingest.chunk_markdown, hlf_mcp.doc_ingest.summarize_reports, hlf_mcp.rag.memory.RAGMemory",TEST
tests/test_governance_proofs.py,8,"hlf_mcp.hlf.audit_chain.AuditChain, hlf_mcp.hlf.code_execution.execute_code_bearing_hlf, hlf_mcp.hlf.governance_proofs.build_anchor, hlf_mcp.hlf.governance_proofs.build_event_chain, hlf_mcp.hlf.governance_proofs.build_governance_proof, hlf_mcp.hlf.governance_proofs.verify_event_chain, hlf_mcp.hlf.governance_proofs.verify_governance_proof, hlf_mcp.server",TEST
tests/test_hlf_dxtools.py,8,"hlf_mcp.hlf.hlfsh.HELP_TEXT, hlf_mcp.hlf.hlfsh.HLFShell, hlf_mcp.hlf.hlftest.HLFTestReport, hlf_mcp.hlf.hlftest.HLFTestResult, hlf_mcp.hlf.hlftest.HLFTestRunner, hlf_mcp.hlf.hlftest._cli_main, hlf_mcp.hlf.hlftest.assert_compiles, hlf_mcp.hlf.hlftest.assert_gas_under",TEST
tests/test_inductive_prover.py,8,"hlf_mcp.hlf.inductive_prover.InductionSchema, hlf_mcp.hlf.inductive_prover.InductiveProof, hlf_mcp.hlf.inductive_prover.batch_prove, hlf_mcp.hlf.inductive_prover.build_induction_schema, hlf_mcp.hlf.inductive_prover.format_inductive_report, hlf_mcp.hlf.inductive_prover.prove_inductive, hlf_mcp.hlf.inductive_prover.z3_available, hlf_mcp.hlf.proof_artifacts.ProofStatus",TEST
tests/test_intent_normalizer.py,8,"hlf_mcp.hlf.intent_normalizer.IntentNormalizer, hlf_mcp.hlf.intent_normalizer.NormalizationVerdict, hlf_mcp.hlf.intent_normalizer._AMBIGUOUS_PRONOUNS, hlf_mcp.hlf.intent_normalizer._ASSUMED_CONTEXT_PATTERNS, hlf_mcp.hlf.intent_normalizer._VAGUE_TERMS, hlf_mcp.server, hlf_mcp.server_context.build_server_context, hlf_mcp.server_translation._apply_normalization_gate",TEST
tests/test_moe_router.py,8,"hlf_mcp.hlf.moe_router.ExpertRouter, hlf_mcp.hlf.moe_router.MoeModelGateway, hlf_mcp.hlf.moe_router.MoeRoutingDecision, hlf_mcp.hlf.moe_router.build_fallback_graph, hlf_mcp.hlf.moe_router.ensemble_route, hlf_mcp.hlf.moe_router.route_to_expert, hlf_mcp.hlf.moe_router.validate_gating_decision, hlf_mcp.hlf.moe_router.validate_gating_decision_against_router",TEST
tests/test_pii_guard.py,8,"hlf_mcp.hlf.pii_guard.PIICategory, hlf_mcp.hlf.pii_guard.PIIDetection, hlf_mcp.hlf.pii_guard.PIIGuard, hlf_mcp.hlf.pii_guard.PIIScanResult, hlf_mcp.hlf.pii_guard.load_pii_policy, hlf_mcp.hlf.pii_guard.redact_pii, hlf_mcp.hlf.pii_guard.scan_for_pii, hlf_mcp.hlf.runtime._dispatch_host [lazy]",TEST
tests/test_pillar_and_consistency.py,8,"hlf_mcp.hlf.cross_agent_benchmark.AgentConfig, hlf_mcp.hlf.cross_agent_benchmark.CrossAgentBenchmark, hlf_mcp.hlf.pillar_auditor.CORE_PILLARS, hlf_mcp.hlf.pillar_auditor.DELEGATION_PILLARS, hlf_mcp.hlf.pillar_auditor.GOVERNANCE_PILLARS, hlf_mcp.hlf.pillar_auditor.PillarComplianceAuditor, hlf_mcp.hlf.pillar_auditor.VERIFY_PILLARS, hlf_mcp.hlf.workflow_benchmark.BenchmarkTask",TEST
tests/test_spine_proof.py,8,"hlf_mcp.hlf.governance_proofs.PROOF_BOUNDARY, hlf_mcp.hlf.governance_proofs.ZERO_HASH, hlf_mcp.hlf.governance_proofs.sha256_digest, hlf_mcp.hlf.spine_proof.SPINE_PROOF_VERSION, hlf_mcp.hlf.spine_proof.SPINE_REQUIRED_PHASES, hlf_mcp.hlf.spine_proof.build_spine_proof, hlf_mcp.hlf.spine_proof.render_spine_markdown, hlf_mcp.hlf.spine_proof.verify_spine_proof",TEST
tests/test_swarm_consensus.py,8,"hlf_mcp.hlf.swarm_consensus.Delegation, hlf_mcp.hlf.swarm_consensus.DelegationStatus, hlf_mcp.hlf.swarm_consensus.DissentRecord, hlf_mcp.hlf.swarm_consensus.Proposal, hlf_mcp.hlf.swarm_consensus.QuorumType, hlf_mcp.hlf.swarm_consensus.SwarmLedger, hlf_mcp.hlf.swarm_consensus.Vote, hlf_mcp.hlf.swarm_consensus.VotePosition",TEST
tests/test_verification_gating.py,8,"hlf_mcp.hlf.formal_verifier.ConstraintKind, hlf_mcp.hlf.formal_verifier.FormalVerifier, hlf_mcp.hlf.formal_verifier.GateDecision, hlf_mcp.hlf.formal_verifier.VerificationBlockedError, hlf_mcp.hlf.formal_verifier.VerificationGate, hlf_mcp.hlf.formal_verifier.VerificationReport, hlf_mcp.hlf.formal_verifier.VerificationResult, hlf_mcp.hlf.formal_verifier.VerificationStatus",TEST
hlf_mcp/hlf/corrector.py,7,"hlf_mcp.hlf.compiler.CompileError, hlf_mcp.hlf.compiler.CompileError [lazy], hlf_mcp.hlf.compiler.HLFCompiler, hlf_mcp.hlf.grammar.ASCII_ALIASES, hlf_mcp.hlf.grammar.CONFUSABLES, hlf_mcp.hlf.grammar.TAGS, hlf_mcp.hlf.linter.HLFLinter",LEAVE
hlf_mcp/hlf/knowledge/__init__.py,7,"hlf_mcp.hlf.knowledge.consistency_proof.ConsistencyProof, hlf_mcp.hlf.knowledge.consistency_proof.ConsistencyProofResult, hlf_mcp.hlf.knowledge.freshness_guarantee.FreshnessGuarantee, hlf_mcp.hlf.knowledge.freshness_guarantee.FreshnessGuaranteeChecker, hlf_mcp.hlf.knowledge.memory_lease.LeaseManager, hlf_mcp.hlf.knowledge.memory_lease.LeaseViolationError, hlf_mcp.hlf.knowledge.memory_lease.MemoryLease",INIT_REEXPORT
hlf_mcp/hlf/real_code_bridge/bytecode_roundtrip.py,7,"hlf_mcp.hlf.bytecode.ConstantPool, hlf_mcp.hlf.bytecode.Disassembler, hlf_mcp.hlf.bytecode.HLFBytecode, hlf_mcp.hlf.bytecode.Op, hlf_mcp.hlf.bytecode._MAGIC, hlf_mcp.hlf.bytecode._instr, hlf_mcp.hlf.compiler.HLFCompiler",LEAVE
hlf_mcp/hlf/routing/load_balancer.py,7,"hlf_mcp.hlf.routing.capability_router.CapabilityRouter, hlf_mcp.hlf.routing.capability_router.RouteMatch, hlf_mcp.hlf.routing.capability_router.WorkRequest, hlf_mcp.hlf.routing.failover.RouteEvidence, hlf_mcp.hlf.routing.failover.RouteEvidenceThreshold, hlf_mcp.hlf.routing.node_registry.NodeRegistry, hlf_mcp.hlf.routing.node_registry.RegisteredNode",LEAVE
hlf_mcp/hlf/routing/stress_testing.py,7,"hlf_mcp.hlf.routing.capability_router.CapabilityRouter, hlf_mcp.hlf.routing.capability_router.RouteMatch, hlf_mcp.hlf.routing.capability_router.WorkRequest, hlf_mcp.hlf.routing.failover.FailoverManager, hlf_mcp.hlf.routing.load_balancer.LoadBalancer, hlf_mcp.hlf.routing.node_registry.NodeRegistry, hlf_mcp.hlf.routing.stress_testing",LEAVE
hlf_mcp/hlf/tool_contracts.py,7,"hlf_mcp.hlf.typed_contracts.ContractRegistry, hlf_mcp.hlf.typed_contracts.EffectClass, hlf_mcp.hlf.typed_contracts.FailureMode, hlf_mcp.hlf.typed_contracts.InputContract, hlf_mcp.hlf.typed_contracts.OutputContract, hlf_mcp.hlf.typed_contracts.ProofRequirement, hlf_mcp.hlf.typed_contracts.TypedEffectDeclaration",LEAVE
tests/test_dream_promotion.py,7,"hlf_mcp.hlf.dream_promotion.DreamFinding, hlf_mcp.hlf.dream_promotion.FindingState, hlf_mcp.hlf.dream_promotion.PromotionRule, hlf_mcp.hlf.dream_promotion.bind_finding_to_rules, hlf_mcp.hlf.dream_promotion.define_standard_rules, hlf_mcp.hlf.dream_promotion.evaluate_promotion, hlf_mcp.hlf.dream_promotion.promote_finding",TEST
tests/test_evidence_schema.py,7,"hlf_mcp.hlf.evidence_schema.EvidenceRecord, hlf_mcp.hlf.evidence_schema._sha256, hlf_mcp.hlf.evidence_schema.check_staleness, hlf_mcp.hlf.evidence_schema.normalize_hybrid_rag_record, hlf_mcp.hlf.evidence_schema.normalize_rag_record, hlf_mcp.hlf.evidence_schema.normalize_server_memory_record, hlf_mcp.hlf.evidence_schema.supersede_record",TEST
tests/test_governed_review.py,7,"hlf_mcp.governed_review.build_code_quality_governed_review [lazy], hlf_mcp.governed_review.build_doc_accuracy_governed_review [lazy], hlf_mcp.governed_review.build_ethics_review_governed_review [lazy], hlf_mcp.governed_review.build_security_patterns_governed_review [lazy], hlf_mcp.governed_review.build_spec_sentinel_governed_review [lazy], hlf_mcp.governed_review.build_test_health_governed_review [lazy], hlf_mcp.governed_review.normalize_governed_review [lazy]",TEST
tests/test_hks_memory.py,7,"hlf_mcp.rag.memory.HKSProvenance, hlf_mcp.rag.memory.HKSTestEvidence, hlf_mcp.rag.memory.HKSValidatedExemplar, hlf_mcp.rag.memory.RAGMemory, hlf_mcp.server, hlf_mcp.weekly_artifacts, hlf_mcp.weekly_artifacts.build_weekly_artifact_memory_record [lazy]",TEST
tests/test_memory_evidence.py,7,"hlf_mcp.hlf.memory_node.EvidenceContract, hlf_mcp.hlf.memory_node.MemoryNode, hlf_mcp.hlf.memory_node.MemoryStore, hlf_mcp.hlf.memory_node.build_evidence_chain_hash, hlf_mcp.hlf.memory_node.merge_evidence_contracts, hlf_mcp.hlf.memory_node.validate_evidence_contract, hlf_mcp.rag.memory.RAGMemory [lazy]",TEST
tests/test_memory_freshness_integration.py,7,"hlf_mcp.handoff_events._scan_handoff_chain_freshness, hlf_mcp.handoff_events.verify_handoff_chain, hlf_mcp.hlf.memory_node.FreshnessVerdict, hlf_mcp.hlf.memory_node.check_evidence_freshness, hlf_mcp.hlf.memory_node.resolve_supersession_chain, hlf_mcp.instinct.lifecycle.InstinctLifecycle, hlf_mcp.instinct.lifecycle._check_mission_evidence_freshness",TEST
tests/test_multi_phase_execution.py,7,"hlf_mcp.hlf.multi_phase_executor.AgentPlan, hlf_mcp.hlf.multi_phase_executor.Conflict, hlf_mcp.hlf.multi_phase_executor.ConsolidatedPlan, hlf_mcp.hlf.multi_phase_executor.ConsolidationEngine, hlf_mcp.hlf.multi_phase_executor.MultiPhaseExecutor, hlf_mcp.hlf.multi_phase_executor.MultiPhaseResult, hlf_mcp.hlf.multi_phase_executor.PhaseResult",TEST
tests/test_security.py,7,"hlf_mcp.hlf.compiler.HLFCompiler [lazy], hlf_mcp.hlf.compiler._AST_CACHE [lazy], hlf_mcp.hlf.ethics.constitution._phonetic_skeleton [lazy], hlf_mcp.hlf.ethics.constitution.evaluate_constitution [lazy], hlf_mcp.hlf.runtime._dispatch_builtin [lazy], hlf_mcp.hlf.stdlib.io_mod.FILE_READ [lazy], hlf_mcp.hlf.stdlib.net_mod._validate_url [lazy]",TEST
tests/test_stdlib.py,7,"hlf_mcp.hlf.stdlib, hlf_mcp.hlf.stdlib.crypto_mod, hlf_mcp.hlf.stdlib.io_mod, hlf_mcp.hlf.stdlib.math_mod, hlf_mcp.hlf.stdlib.net_mod, hlf_mcp.hlf.stdlib.string_mod, hlf_mcp.hlf.stdlib.system_mod",TEST
tests/test_weekly_artifacts.py,7,"hlf_mcp.governed_review.default_governed_review [lazy], hlf_mcp.local_scheduler.get_local_scheduler_status [lazy], hlf_mcp.weekly_artifacts, hlf_mcp.weekly_artifacts [lazy], hlf_mcp.weekly_artifacts.build_hks_exemplar_from_weekly_artifact [lazy], hlf_mcp.weekly_artifacts.collect_governance_manifest_snapshot [lazy], hlf_mcp.weekly_artifacts.validate_weekly_artifact [lazy]",TEST
validate_phase2_and_3.py,7,"hlf_mcp.mcp_protocol_v2025.CANONICAL_PROTOCOL_VERSION, hlf_mcp.mcp_protocol_v2025.MCPSession, hlf_mcp.mcp_protocol_v2025.MCPSessionStore, hlf_mcp.mcp_protocol_v2025.SUPPORTED_PROTOCOL_VERSIONS, hlf_mcp.mcp_protocol_v2025.build_mcp_response_headers, hlf_mcp.mcp_protocol_v2025.get_session_store, hlf_mcp.mcp_protocol_v2025.validate_protocol_version",LEAVE
validate_phase2_phase3.py,7,"hlf_mcp.mcp_protocol_v2025, hlf_mcp.mcp_protocol_v2025.CANONICAL_PROTOCOL_VERSION, hlf_mcp.mcp_protocol_v2025.MCPSession, hlf_mcp.mcp_protocol_v2025.MCPSessionStore, hlf_mcp.mcp_protocol_v2025.SUPPORTED_PROTOCOL_VERSIONS, hlf_mcp.mcp_protocol_v2025.build_mcp_response_headers, hlf_mcp.mcp_protocol_v2025.validate_protocol_version",LEAVE
assess_fluency.py,6,"hlf_mcp.handoff_events.HandoffEventType, hlf_mcp.handoff_events.HandoffVote, hlf_mcp.handoff_events.record_handoff, hlf_mcp.server, hlf_mcp.server.mcp, hlf_mcp.server_instructions",LEAVE
hlf_mcp/hlf/cross_agent_benchmark.py,6,"hlf_mcp.hlf.compiler.HLFCompiler, hlf_mcp.hlf.pillar_auditor.PillarAudit, hlf_mcp.hlf.pillar_auditor.PillarComplianceAuditor, hlf_mcp.hlf.swarm_orchestrator.SwarmOrchestrator, hlf_mcp.hlf.workflow_benchmark.BenchmarkTask, hlf_mcp.hlf.workflow_benchmark.WorkflowBenchmark",LEAVE
hlf_mcp/hlf/proof_depth.py,6,"hlf_mcp.hlf.formal_verifier.ConstraintKind, hlf_mcp.hlf.formal_verifier.VerificationReport, hlf_mcp.hlf.formal_verifier.VerificationResult, hlf_mcp.hlf.formal_verifier.VerificationStatus, hlf_mcp.hlf.formal_verifier.extract_constraints, hlf_mcp.hlf.formal_verifier.normalize_ast",LEAVE
hlf_mcp/hlf/real_code_bridge/proof_matrix.py,6,"hlf_mcp.hlf.real_code_bridge.bytecode_roundtrip.BytecodeRoundtripper, hlf_mcp.hlf.real_code_bridge.bytecode_roundtrip.RoundtripResult, hlf_mcp.hlf.real_code_bridge.effect_audit.AuditResult, hlf_mcp.hlf.real_code_bridge.effect_audit.EffectAuditor, hlf_mcp.hlf.real_code_bridge.equivalence.EquivalenceProver, hlf_mcp.hlf.real_code_bridge.equivalence.EquivalenceResult",LEAVE
hlf_mcp/hlf/routing/failover.py,6,"hlf_mcp.hlf.routing.capability_router.CapabilityRouter, hlf_mcp.hlf.routing.capability_router.RouteMatch, hlf_mcp.hlf.routing.capability_router.WorkRequest, hlf_mcp.hlf.routing.load_balancer.LoadBalancer, hlf_mcp.hlf.routing.node_registry.NodeRegistry, hlf_mcp.hlf.routing.node_registry.RegisteredNode",LEAVE
hlf_mcp/server_memory.py,6,"hlf_mcp.doc_ingest.AUTHORITY_LEVELS, hlf_mcp.doc_ingest.DocumentIngester, hlf_mcp.doc_ingest.KNOWN_DOMAINS, hlf_mcp.doc_ingest.summarize_reports, hlf_mcp.hlf.memory_node.build_pointer_ref, hlf_mcp.server_context.ServerContext",LEAVE
scripts/hlf_ab_test.py,6,"hlf_mcp.hlf.backend_benchmark.BackendBenchmark, hlf_mcp.hlf.backend_benchmark.BackendComparison, hlf_mcp.hlf.backend_benchmark.BenchmarkPrompt, hlf_mcp.hlf.backend_benchmark.BenchmarkRun, hlf_mcp.hlf.backend_benchmark.compare_backends, hlf_mcp.hlf.backend_benchmark.score_response",LEAVE
scripts/run_hlf_gallery.py,6,"hlf_mcp.hlf.bytecode.Disassembler, hlf_mcp.hlf.bytecode.HLFBytecode, hlf_mcp.hlf.compiler.CompileError, hlf_mcp.hlf.compiler.HLFCompiler, hlf_mcp.hlf.formatter.HLFFormatter, hlf_mcp.hlf.translator.hlf_to_english",LEAVE
scripts/stress_test_governance_advanced.py,6,"hlf_mcp.hlf.capsules.IntentCapsule, hlf_mcp.hlf.capsules.hearth_capsule, hlf_mcp.hlf.capsules.normalize_tier, hlf_mcp.hlf.capsules.sovereign_capsule, hlf_mcp.hlf.capsules.tier_rank, hlf_mcp.hlf.latent_capsule.LatentCapsule",LEAVE
scripts/stress_test_governed_latent.py,6,"hlf_mcp.hlf.capsules.hearth_capsule, hlf_mcp.hlf.capsules.sovereign_capsule, hlf_mcp.hlf.capsules.tier_rank, hlf_mcp.hlf.latent_capsule.LatentCapsule, hlf_mcp.hlf.latent_capsule.LatentCapsuleResult, hlf_mcp.hlf.latent_capsule.LatentRoundAttestation",LEAVE
tests/test_agent_identity.py,6,"hlf_mcp.hlf.agent_identity.AgentIdentity, hlf_mcp.hlf.agent_identity.AgentIdentityAuth, hlf_mcp.hlf.agent_identity.AgentProof, hlf_mcp.hlf.agent_identity.AgentTier, hlf_mcp.hlf.agent_identity.IdentityGenerationError, hlf_mcp.hlf.agent_identity.ProofVerificationError",TEST
tests/test_ascii_surface.py,6,"hlf_mcp.hlf.ascii_surface.ASCIIToHLF, hlf_mcp.hlf.ascii_surface.HLFToASCII, hlf_mcp.hlf.ascii_surface.ascii_roundtrip, hlf_mcp.hlf.ascii_surface.is_ascii_hlf, hlf_mcp.hlf.compiler.CompileError, hlf_mcp.hlf.compiler.HLFCompiler",TEST
tests/test_ecosystem_java.py,6,"hlf_mcp.ecosystem.schema_translator.SchemaTranslator, hlf_mcp.hlf.typed_contracts.HlfType, hlf_mcp.hlf.typed_contracts.InputContract, hlf_mcp.hlf.typed_contracts.OutputContract, hlf_mcp.hlf.typed_contracts.ParametricType, hlf_mcp.hlf.typed_contracts.TypeContract",TEST
tests/test_ecosystem_rust.py,6,"hlf_mcp.ecosystem.schema_translator.SchemaTranslator, hlf_mcp.hlf.typed_contracts.HlfType, hlf_mcp.hlf.typed_contracts.InputContract, hlf_mcp.hlf.typed_contracts.OutputContract, hlf_mcp.hlf.typed_contracts.ParametricType, hlf_mcp.hlf.typed_contracts.TypeContract",TEST
tests/test_load_50_capsules.py,6,"hlf_mcp.hlf.load_tester.CapsuleLoadQueue, hlf_mcp.hlf.load_tester.CapsuleQueueConfig, hlf_mcp.hlf.load_tester.CapsuleStatus, hlf_mcp.hlf.load_tester.LoadCapsule, hlf_mcp.hlf.load_tester.QueueMetrics, hlf_mcp.hlf.load_tester.run_load_test",TEST
tests/test_model_certification.py,6,"hlf_mcp.hlf.hlf_llm_bridge.LLMCallResult [lazy], hlf_mcp.hlf.model_certification.CertificationReport, hlf_mcp.hlf.model_certification.ModelCertificationResult, hlf_mcp.hlf.model_certification.ModelCertificationRunner, hlf_mcp.hlf.model_certification._STANDARD_PROMPTS, hlf_mcp.hlf.model_certification._resolve_model_list",TEST
tests/test_model_version.py,6,"hlf_mcp.hlf.capability_manifest.CapabilityManifest, hlf_mcp.hlf.capsules.CapsuleViolation [lazy], hlf_mcp.hlf.latent_capsule.governed_latent_infer [lazy], hlf_mcp.hlf.model_version.ModelVersionResult, hlf_mcp.hlf.model_version.verify_model_versions, hlf_mcp.hlf.ollama_pulse.ModelRecord",TEST
tests/test_msty_memory_bridge.py,6,"hlf_mcp.bridges.msty_claw.memory_bridge.Contradiction, hlf_mcp.bridges.msty_claw.memory_bridge.DECAY_RULES, hlf_mcp.bridges.msty_claw.memory_bridge.MstyMemoryBridge, hlf_mcp.bridges.msty_claw.memory_bridge.ProvenancedEntry, hlf_mcp.bridges.msty_claw.memory_bridge.SOURCE_CONFIDENCE, hlf_mcp.bridges.msty_claw.memory_bridge._compute_hash",TEST
tests/test_multimodal_safety.py,6,"hlf_mcp.media_evidence.MediaEvidenceRecord, hlf_mcp.media_evidence.normalize_media_evidence, hlf_mcp.media_safety.MediaSafetyConfig, hlf_mcp.media_safety.MediaSafetyScanner, hlf_mcp.media_safety.PromptInjectionHit, hlf_mcp.media_safety.SanitizedMediaResult",TEST
tests/test_output_schema_variants.py,6,"hlf_mcp.hlf.swarm_compiler.AgentDecl, hlf_mcp.hlf.swarm_compiler.SwarmCompiler, hlf_mcp.hlf.swarm_mechanics.SCHEMA_VARIANTS, hlf_mcp.hlf.swarm_mechanics.WORKER_TEMPLATE, hlf_mcp.hlf.swarm_mechanics.resolve_schema_variant, hlf_mcp.hlf.swarm_mechanics.validate_schema_variant",TEST
tests/test_session_auth.py,6,"hlf_mcp.hlf.session_auth.clear_revocations, hlf_mcp.hlf.session_auth.create_session, hlf_mcp.hlf.session_auth.delegate_session, hlf_mcp.hlf.session_auth.is_revoked, hlf_mcp.hlf.session_auth.revoke_session, hlf_mcp.hlf.session_auth.validate_session",TEST
tests/test_swarm.py,6,"hlf_mcp.hlf.compiler.CompileError, hlf_mcp.hlf.formal_verifier.FormalVerifier, hlf_mcp.hlf.swarm_observer.SwarmObserver, hlf_mcp.hlf.swarm_orchestrator.SwarmOrchestrator, hlf_mcp.hlf.swarm_orchestrator.SwarmResult, hlf_mcp.hlf.witness_governance.WitnessGovernance",TEST
tests/test_symbolic_surfaces.py,6,"hlf_mcp.hlf.audit_chain.AuditChain, hlf_mcp.hlf.compiler.CompileError, hlf_mcp.hlf.compiler.HLFCompiler, hlf_mcp.hlf.symbolic_surfaces.audit_symbolic_surface, hlf_mcp.hlf.symbolic_surfaces.compile_symbolic_surface, hlf_mcp.hlf.symbolic_surfaces.project_relation_edges",TEST
hlf_mcp/ecosystem/resilience_coordinator.py,5,"hlf_mcp.ecosystem.circuit_breaker.CircuitBreaker, hlf_mcp.ecosystem.circuit_breaker.CircuitOpenError, hlf_mcp.ecosystem.circuit_breaker.CircuitState, hlf_mcp.ecosystem.credential_manager.CredentialManager, hlf_mcp.ecosystem.retry_policy.RetryPolicy",LEAVE
hlf_mcp/ecosystem/watch_workflow.py,5,"hlf_mcp.ecosystem.schema_translator.SchemaTranslator, hlf_mcp.hlf.typed_contracts.HlfType, hlf_mcp.hlf.typed_contracts.InputContract, hlf_mcp.hlf.typed_contracts.OutputContract, hlf_mcp.hlf.typed_contracts.TypeContract",LEAVE
hlf_mcp/hlf/audit_trail.py,5,"hlf_mcp.hlf.formal_verifier.GateDecision, hlf_mcp.hlf.formal_verifier.VerificationReport, hlf_mcp.hlf.insaits.decompile, hlf_mcp.hlf.insaits.similarity_gate, hlf_mcp.hlf.two_channel_executor.ProvenanceChain",LEAVE
hlf_mcp/hlf/inductive_prover.py,5,"hlf_mcp.hlf.proof_artifacts.ProofArtifact, hlf_mcp.hlf.proof_artifacts.ProofStatus, hlf_mcp.hlf.proof_artifacts.admit_proof, hlf_mcp.hlf.proof_artifacts.create_proof_artifact, hlf_mcp.hlf.proof_artifacts.deny_proof",LEAVE
hlf_mcp/hlf/real_code_bridge/effect_audit.py,5,"hlf_mcp.hlf.bytecode.HLFBytecode, hlf_mcp.hlf.capability_manifest.CapabilityManifest, hlf_mcp.hlf.compiler.HLFCompiler, hlf_mcp.hlf.effect_extractor.EffectExtractor, hlf_mcp.hlf.runtime.HLFRuntime",LEAVE
hlf_mcp/server_completion.py,5,"hlf_mcp.hlf.governed_complete.governed_complete, hlf_mcp.hlf.model_config.load_model_config, hlf_mcp.hlf.model_orchestrator.ModelOrchestrationError, hlf_mcp.hlf.model_orchestrator.ModelOrchestrator, hlf_mcp.server_context.ServerContext",LEAVE
scripts/hlf_backup.py,5,"hlf_mcp.hlf.merkle_dr.DEFAULT_CHAINS, hlf_mcp.hlf.merkle_dr.MerkleBackupError, hlf_mcp.hlf.merkle_dr.export_merkle_backup, hlf_mcp.hlf.merkle_dr.restore_from_backup, hlf_mcp.hlf.merkle_dr.verify_merkle_backup",LEAVE
tests/test_governed_ingress.py,5,"hlf_mcp.hlf.align_governor.AlignGovernor, hlf_mcp.hlf.governed_ingress.GovernedIngressController, hlf_mcp.hlf.governed_ingress.InMemoryIngressRateLimiter, hlf_mcp.hlf.governed_ingress.InMemoryReplayProtector, hlf_mcp.hlf.governed_ingress.RateLimitRule",TEST
tests/test_insaits.py,5,"hlf_mcp.hlf.bytecode.BytecodeCompiler, hlf_mcp.hlf.compiler.HLFCompiler, hlf_mcp.hlf.insaits.decompile, hlf_mcp.hlf.insaits.decompile_bytecode, hlf_mcp.hlf.insaits.similarity_gate",TEST
tests/test_model_requirements.py,5,"hlf_mcp.hlf.model_catalog.evaluate_model_against_profile, hlf_mcp.hlf.model_catalog.evaluate_model_requirement_tiers, hlf_mcp.hlf.model_catalog.evaluate_model_requirements, hlf_mcp.hlf.model_catalog.sync_model_catalog, hlf_mcp.server",TEST
tests/test_persona_contract.py,5,"hlf_mcp.governed_review.default_governed_review [lazy], hlf_mcp.governed_review.validate_governed_review [lazy], hlf_mcp.persona_contract [lazy], hlf_mcp.persona_contract.resolve_persona_contract [lazy], hlf_mcp.persona_runtime.resolve_persona_runtime_metadata [lazy]",TEST
tests/test_structured_outputs.py,5,"hlf_mcp.hlf.structured_outputs.BatchStructuredOutput, hlf_mcp.hlf.structured_outputs.SchemaDefinition, hlf_mcp.hlf.structured_outputs.StructuredOutput, hlf_mcp.hlf.structured_outputs.StructuredOutputGenerator, hlf_mcp.hlf.structured_outputs.get_generator [lazy]",TEST
tests/test_tool_dispatch.py,5,"hlf_mcp.hlf.tool_dispatch.ToolApprovalBypassError, hlf_mcp.hlf.tool_dispatch.ToolDispatchError, hlf_mcp.hlf.tool_dispatch.ToolLifecycleState, hlf_mcp.hlf.tool_dispatch.ToolRegistry, hlf_mcp.server",TEST
tests/test_workflow_benchmark.py,5,"hlf_mcp.hlf.workflow_benchmark.BenchmarkTask, hlf_mcp.hlf.workflow_benchmark.WorkflowBenchmark, hlf_mcp.hlf.workflow_benchmark._TASK_CORPUS, hlf_mcp.hlf.workflow_benchmark.run_workflow_benchmark, hlf_mcp.server_workflow_benchmark.register_workflow_benchmark_tools",TEST
.github/scripts/emit_weekly_artifact.py,4,"hlf_mcp.test_runner.DEFAULT_METRICS_DIR, hlf_mcp.weekly_artifacts.attach_weekly_artifact_verification, hlf_mcp.weekly_artifacts.build_weekly_artifact, hlf_mcp.weekly_artifacts.validate_weekly_artifact",LEAVE
hlf_mcp/hlf/ascii_surface.py,4,"hlf_mcp.hlf.grammar.ASCII_ALIASES, hlf_mcp.hlf.grammar.GLYPHS, hlf_mcp.hlf.grammar.STATEMENT_GLYPHS, hlf_mcp.hlf.grammar.TAGS",LEAVE
hlf_mcp/hlf/codegen.py,4,"hlf_mcp.hlf.bytecode.BytecodeCompiler, hlf_mcp.hlf.bytecode.Disassembler, hlf_mcp.hlf.compiler.HLFCompiler, hlf_mcp.hlf.insaits.decompile_bytecode",LEAVE
hlf_mcp/hlf/hlfsh.py,4,"hlf_mcp.hlf.compiler.CompileError, hlf_mcp.hlf.compiler.HLFCompiler, hlf_mcp.hlf.hlf_llm_bridge, hlf_mcp.hlf.linter.HLFLinter",LEAVE
hlf_mcp/hlf/knowledge/consistency_proof.py,4,"hlf_mcp.hlf.entropy_anchor.EntropyAnchorResult, hlf_mcp.hlf.entropy_anchor.evaluate_entropy_anchor, hlf_mcp.hlf.witness_governance.TrustStateSnapshot, hlf_mcp.hlf.witness_governance.WitnessObservation",LEAVE
hlf_mcp/hlf/memory_lease_hardening.py,4,"hlf_mcp.hlf.knowledge.memory_lease.LeaseManager, hlf_mcp.hlf.knowledge.memory_lease.LeaseScope, hlf_mcp.hlf.knowledge.memory_lease.LeaseViolationError, hlf_mcp.hlf.knowledge.memory_lease.MemoryLease",LEAVE
hlf_mcp/hlf/plan_versioning.py,4,"hlf_mcp.hlf.knowledge.consistency_proof.ConsistencyProof, hlf_mcp.hlf.knowledge.consistency_proof.ConsistencyProofResult, hlf_mcp.hlf.knowledge.memory_lease.LeaseManager, hlf_mcp.hlf.knowledge.memory_lease.MemoryLease",LEAVE
hlf_mcp/hlf/swarm_mechanics.py,4,"hlf_mcp.hlf.governance_proofs.build_anchor, hlf_mcp.hlf.governance_proofs.build_governance_proof, hlf_mcp.hlf.governance_proofs.governance_body, hlf_mcp.hlf.governance_proofs.sha256_digest",LEAVE
hlf_mcp/hlf/workflow_benchmark.py,4,"hlf_mcp.hlf.benchmark._count, hlf_mcp.hlf.compiler.HLFCompiler, hlf_mcp.hlf.corrector.HLFCorrector, hlf_mcp.hlf.linter.HLFLinter",LEAVE
hlf_mcp/server_instinct.py,4,"hlf_mcp.instinct.lifecycle.SDDRealignmentEvent, hlf_mcp.instinct.lifecycle._ok_state, hlf_mcp.instinct.lifecycle._ok_state [lazy], hlf_mcp.server_context.ServerContext",LEAVE
hlf_mcp/server_native.py,4,"hlf_mcp.hlf.bytecode.BytecodeCompiler, hlf_mcp.hlf.compiler.CompileError, hlf_mcp.hlf.compiler.HLFCompiler, hlf_mcp.hlf.runtime.HlfVM",LEAVE
hlf_mcp/server_verifier.py,4,"hlf_mcp.hlf.execution_admission.evaluate_verification_report_admission, hlf_mcp.hlf.execution_admission.summarize_execution_effects, hlf_mcp.hlf.formal_verifier.VerificationReport, hlf_mcp.server_context.ServerContext",LEAVE
scripts/benchmark_code_generation.py,4,"hlf_mcp.hlf.latent_capsule.governed_latent_infer, hlf_mcp.hlf.latent_model_interface.LatentRecursiveSession, hlf_mcp.hlf.latent_model_interface.RecursiveSessionConfig, hlf_mcp.hlf.model_orchestrator._resolve_checkpoint_base",LEAVE
scripts/benchmark_gpu_comparison.py,4,"hlf_mcp.hlf.latent_capsule.governed_latent_infer, hlf_mcp.hlf.latent_model_interface.LatentRecursiveSession, hlf_mcp.hlf.latent_model_interface.RecursiveSessionConfig, hlf_mcp.hlf.model_orchestrator._resolve_checkpoint_base",LEAVE
scripts/parisneo_lollms_demo.py,4,"hlf_mcp.hlf.bytecode.HLFBytecode, hlf_mcp.hlf.compiler.CompileError, hlf_mcp.hlf.compiler.HLFCompiler, hlf_mcp.hlf.runtime.HLFRuntime",LEAVE
tests/test_authority_surface.py,4,"hlf_mcp.hlf.authority.AUTHORITY_SURFACES, hlf_mcp.hlf.authority.DownstreamTask, hlf_mcp.hlf.authority.authority_matrix, hlf_mcp.hlf.authority.downstream_guidance",TEST
tests/test_embodied_contracts.py,4,"hlf_mcp.hlf.build_embodied_action_envelope, hlf_mcp.hlf.memory_node.build_pointer_ref, hlf_mcp.hlf.runtime._dispatch_host, hlf_mcp.server",TEST
tests/test_hitl_gate.py,4,"hlf_mcp.hlf.hitl_gate.ApprovalRequest, hlf_mcp.hlf.hitl_gate.DEFAULT_TIMEOUT_SECONDS, hlf_mcp.hlf.hitl_gate.HITLGate, hlf_mcp.hlf.hitl_gate.require_human_approval",TEST
tests/test_hitl_integration.py,4,"hlf_mcp.hlf.hitl_gate.ApprovalRequest [lazy], hlf_mcp.hlf.hitl_gate.HITLGate [lazy], hlf_mcp.hlf.hitl_gate.require_human_approval [lazy], hlf_mcp.hlf.latent_capsule.governed_latent_infer",TEST
tests/test_hlfpm.py,4,"hlf_mcp.hlf.hlfpm.HlfPackageManager, hlf_mcp.hlf.hlfpm.HlfPmError, hlf_mcp.hlf.oci_client.OCIError, hlf_mcp.hlf.oci_client.OCIModuleRef",TEST
tests/test_memory_freshness.py,4,"hlf_mcp.hlf.memory_node.FreshnessVerdict, hlf_mcp.hlf.memory_node.check_evidence_freshness, hlf_mcp.hlf.memory_node.resolve_supersession_chain, hlf_mcp.instinct.lifecycle._check_mission_evidence_freshness [lazy]",TEST
tests/test_merkle_dr.py,4,"hlf_mcp.hlf.merkle_dr.MerkleBackupError [lazy], hlf_mcp.hlf.merkle_dr.export_merkle_backup [lazy], hlf_mcp.hlf.merkle_dr.restore_from_backup [lazy], hlf_mcp.hlf.merkle_dr.verify_merkle_backup [lazy]",TEST
tests/test_msty_audit_bridge.py,4,"hlf_mcp.bridges.msty_claw.audit_bridge.AuditEvent, hlf_mcp.bridges.msty_claw.audit_bridge.CausalChain, hlf_mcp.bridges.msty_claw.audit_bridge.MstyAuditBridge, hlf_mcp.bridges.msty_claw.audit_bridge.RecourseResult",TEST
tests/test_overwatch.py,4,"hlf_mcp.hlf.overwatch.OverwatchSentinel, hlf_mcp.hlf.overwatch.WatchdogStatus, hlf_mcp.hlf.overwatch.WatchdogTarget, hlf_mcp.hlf.overwatch.build_overwatch_from_config",TEST
tests/test_resource_monitor.py,4,"hlf_mcp.hlf.resource_monitor.LatentSessionRecord, hlf_mcp.hlf.resource_monitor.ResourceMonitor, hlf_mcp.hlf.resource_monitor.ResourceSnapshot, hlf_mcp.hlf.resource_monitor.estimate_model_vram",TEST
benchmark_runner2.py,3,"hlf_mcp.hlf.benchmark.HLFBenchmark, hlf_mcp.hlf.benchmark._NLP_TEMPLATES, hlf_mcp.hlf.benchmark._count",KEEP_WITH_WORK
hlf_mcp/gallery/type_explorer.py,3,"hlf_mcp.hlf.compiler.CompileError, hlf_mcp.hlf.compiler.HLFCompiler, hlf_mcp.hlf.formal_verifier.FormalVerifier",KEEP_WITH_WORK
hlf_mcp/hlf/capsules.py,3,"hlf_mcp.hlf.memory_node.lookup_pointer_registry_entry, hlf_mcp.hlf.memory_node.parse_pointer_ref, hlf_mcp.hlf.memory_node.verify_pointer_ref",KEEP_WITH_WORK
hlf_mcp/hlf/counterexample_quality.py,3,"hlf_mcp.hlf.formal_verifier.ConstraintKind, hlf_mcp.hlf.formal_verifier.VerificationResult, hlf_mcp.hlf.formal_verifier.VerificationStatus",KEEP_WITH_WORK
hlf_mcp/hlf/cross_witness.py,3,"hlf_mcp.hlf.witness_governance.TrustState, hlf_mcp.hlf.witness_governance.TrustStateSnapshot, hlf_mcp.hlf.witness_governance.WitnessObservation",KEEP_WITH_WORK
hlf_mcp/hlf/hlfpm.py,3,"hlf_mcp.hlf.oci_client.OCIClient, hlf_mcp.hlf.oci_client.OCIError, hlf_mcp.hlf.oci_client.OCIModuleRef",KEEP_WITH_WORK
hlf_mcp/hlf/hlftest.py,3,"hlf_mcp.hlf.compiler.CompileError, hlf_mcp.hlf.compiler.HLFCompiler, hlf_mcp.hlf.linter.HLFLinter",KEEP_WITH_WORK
hlf_mcp/hlf/knowledge/freshness_guarantee.py,3,"hlf_mcp.hlf.memory_node.EvidenceContract, hlf_mcp.hlf.memory_node.FreshnessVerdict, hlf_mcp.hlf.witness_governance.TrustStateSnapshot",KEEP_WITH_WORK
hlf_mcp/hlf/latent_model_interface.py,3,"hlf_mcp.hlf.latent_model_interface, hlf_mcp.hlf.resource_monitor.ResourceMonitor, hlf_mcp.hlf.resource_monitor.estimate_model_vram",KEEP_WITH_WORK
hlf_mcp/hlf/model_availability.py,3,"hlf_mcp.hlf.model_availability, hlf_mcp.hlf.openrouter_client.ModelInfo, hlf_mcp.hlf.openrouter_client.OpenRouterClient",KEEP_WITH_WORK
hlf_mcp/hlf/parametric_proofs.py,3,"hlf_mcp.hlf.typed_contracts.HlfType, hlf_mcp.hlf.typed_contracts.ParametricType, hlf_mcp.hlf.typed_contracts.RefinementType",KEEP_WITH_WORK
hlf_mcp/hlf/real_code_bridge/equivalence.py,3,"hlf_mcp.hlf.bytecode.HLFBytecode, hlf_mcp.hlf.compiler.HLFCompiler, hlf_mcp.hlf.runtime.HLFRuntime",KEEP_WITH_WORK
hlf_mcp/hlf/routing_contracts.py,3,"hlf_mcp.hlf.governed_routing.GovernedRouteVerdict, hlf_mcp.hlf.routing_trace.RouteTraceRecord, hlf_mcp.hlf.routing_trace.build_operator_route_summary",KEEP_WITH_WORK
hlf_mcp/persona/gate_integration.py,3,"hlf_mcp.hlf.ethics.constitution.evaluate_constitution, hlf_mcp.persona.operator_doctrine.build_operator_doctrine, hlf_mcp.persona.operator_doctrine.tier_allows",KEEP_WITH_WORK
hlf_mcp/rag/memory.py,3,"hlf_mcp.hlf.memory_node.build_pointer_ref, hlf_mcp.hlf.memory_node.parse_pointer_ref, hlf_mcp.hlf.memory_node.verify_pointer_ref",KEEP_WITH_WORK
hlf_mcp/server_workflow_benchmark.py,3,"hlf_mcp.hlf.workflow_benchmark.BenchmarkTask, hlf_mcp.hlf.workflow_benchmark.WorkflowBenchmark, hlf_mcp.hlf.workflow_benchmark.run_workflow_benchmark",KEEP_WITH_WORK
scripts/generate_tm_grammar.py,3,"hlf_mcp.hlf.grammar.ASCII_ALIASES, hlf_mcp.hlf.grammar.STATEMENT_GLYPHS, hlf_mcp.hlf.grammar.TAGS",KEEP_WITH_WORK
test_session_auth.py,3,"hlf_mcp.hlf.runtime.HlfVM, hlf_mcp.hlf.runtime._dispatch_host, hlf_mcp.hlf.runtime.delegate_session_auth",TEST
tests/test_entropy_anchor.py,3,"hlf_mcp.hlf.compiler.HLFCompiler, hlf_mcp.hlf.entropy_anchor.evaluate_entropy_anchor, hlf_mcp.server",TEST
tests/test_evidence_query.py,3,"hlf_mcp.evidence_query [lazy], hlf_mcp.governed_review.default_governed_review [lazy], hlf_mcp.weekly_artifacts.load_verified_weekly_artifacts [lazy]",TEST
tests/test_governance_spine.py,3,"hlf_mcp.hlf.approval_ledger.ApprovalLedger, hlf_mcp.server, hlf_mcp.server_context.build_server_context",TEST
tests/test_hlfsh_llm.py,3,"hlf_mcp.hlf.compiler.CompileError, hlf_mcp.hlf.hlfsh.HELP_TEXT, hlf_mcp.hlf.hlfsh.HLFShell",TEST
tests/test_model_catalog.py,3,"hlf_mcp.hlf.model_catalog.build_named_model_chain, hlf_mcp.hlf.model_catalog.build_named_model_chains, hlf_mcp.hlf.model_catalog.sync_model_catalog",TEST
tests/test_msty_constraint_bridge.py,3,"hlf_mcp.bridges.msty_claw.constraint_bridge.ConstraintResult, hlf_mcp.bridges.msty_claw.constraint_bridge.MstyConstraintBridge, hlf_mcp.hlf.compiler [lazy]",TEST
tests/test_nlp_translation.py,3,"hlf_mcp.hlf.compiler.CompileError, hlf_mcp.hlf.compiler.HLFCompiler, hlf_mcp.hlf.translator.english_to_hlf",TEST
tests/test_oci_client.py,3,"hlf_mcp.hlf.oci_client.OCIClient, hlf_mcp.hlf.oci_client.OCIError, hlf_mcp.hlf.oci_client.OCIModuleRef",TEST
tests/test_runtime_memory_context.py,3,"hlf_mcp.hlf.runtime [lazy], hlf_mcp.hlf.runtime._dispatch_host [lazy], hlf_mcp.rag.memory [lazy]",TEST
tests/test_server_native.py,3,"hlf_mcp.server_native._hash_trace, hlf_mcp.server_native._translate_hlf_to_nl, hlf_mcp.server_native.register_native_tools [lazy]",TEST
tests/test_stale_supersession_lifecycle.py,3,"hlf_mcp.hlf.memory_node.EvidenceContract, hlf_mcp.hlf.memory_node.check_evidence_freshness, hlf_mcp.hlf.memory_node.resolve_supersession_chain",TEST
tests/test_swarm_mechanics.py,3,"hlf_mcp.hlf.compiler.HLFCompiler, hlf_mcp.hlf.swarm_mechanics.build_swarm_mechanics_artifact, hlf_mcp.server",TEST
tests/test_swarm_vm_execution.py,3,"hlf_mcp.hlf.bytecode.HLFBytecode, hlf_mcp.hlf.compiler.HLFCompiler, hlf_mcp.hlf.runtime.HLFRuntime",TEST
_test_all_intents.py,2,"hlf_mcp.hlf.compiler.HLFCompiler, hlf_mcp.hlf.hlf_llm_bridge.HLFLLMBridge",KEEP_WITH_WORK
fluency_runner.py,2,"hlf_mcp.server._ctx, hlf_mcp.server.mcp",KEEP_WITH_WORK
hlf_mcp/__main__.py,2,"hlf_mcp.operator_cli.main, hlf_mcp.server.main",KEEP_WITH_WORK
hlf_mcp/doc_ingest.py,2,"hlf_mcp.hlf.openrouter_client.OpenRouterClient, hlf_mcp.rag.memory",KEEP_WITH_WORK
hlf_mcp/ecosystem/bridge_health.py,2,"hlf_mcp.ecosystem.mcp_bridge.MCPBridge, hlf_mcp.ecosystem.rest_bridge.RESTBridge",KEEP_WITH_WORK
hlf_mcp/governed_review.py,2,"hlf_mcp.persona_contract.resolve_persona_contract, hlf_mcp.persona_contract.validate_persona_contract",KEEP_WITH_WORK
hlf_mcp/hlf/audit_chain.py,2,"hlf_mcp.hlf.governance_events.GovernanceEvent, hlf_mcp.hlf.governance_proofs.verify_event_chain",KEEP_WITH_WORK
hlf_mcp/hlf/audit_diff.py,2,"hlf_mcp.hlf.audit_trail.AuditEvent, hlf_mcp.hlf.audit_trail.AuditTrail",KEEP_WITH_WORK
hlf_mcp/hlf/execution_admission.py,2,"hlf_mcp.hlf.formal_verifier.FormalVerifier, hlf_mcp.hlf.formal_verifier.VerificationReport",KEEP_WITH_WORK
hlf_mcp/hlf/linter.py,2,"hlf_mcp.hlf.grammar.GLYPHS, hlf_mcp.hlf.grammar.TAGS",KEEP_WITH_WORK
hlf_mcp/hlf/model_certification.py,2,"hlf_mcp.hlf.compiler.HLFCompiler, hlf_mcp.hlf.hlf_llm_bridge.HLFLLMBridge",KEEP_WITH_WORK
hlf_mcp/hlf/model_version.py,2,"hlf_mcp.hlf.capability_manifest.CapabilityManifest, hlf_mcp.hlf.capsules.CapsuleViolation",KEEP_WITH_WORK
hlf_mcp/hlf/openrouter_client.py,2,"hlf_mcp.hlf.model_config, hlf_mcp.hlf.openrouter_client",KEEP_WITH_WORK
hlf_mcp/hlf/pillar_auditor.py,2,"hlf_mcp.hlf.grammar.GLYPHS, hlf_mcp.hlf.grammar.TAGS",KEEP_WITH_WORK
hlf_mcp/hlf/rag_service.py,2,"hlf_mcp.hlf.hybrid_rag.HybridRAG [lazy], hlf_mcp.hlf.rag_integrations.create_all_integrations [lazy]",KEEP_WITH_WORK
hlf_mcp/hlf/routing/capability_router.py,2,"hlf_mcp.hlf.routing.node_registry.NodeRegistry, hlf_mcp.hlf.routing.node_registry.RegisteredNode",KEEP_WITH_WORK
hlf_mcp/hlf/symbolic_surfaces.py,2,"hlf_mcp.hlf.audit_chain.AuditChain, hlf_mcp.hlf.compiler.HLFCompiler",KEEP_WITH_WORK
hlf_mcp/hlf/wasm_compiler.py,2,"hlf_mcp.hlf.compiler.HLFCompiler, hlf_mcp.hlf.wasm_compiler",KEEP_WITH_WORK
hlf_mcp/mcp_enforcement.py,2,"hlf_mcp.hlf.governance_proofs.sha256_digest, hlf_mcp.hlf.governance_proofs.verify_governance_proof",KEEP_WITH_WORK
hlf_mcp/persona_contract.py,2,"hlf_mcp.persona.gate_integration.prove_persona_transition, hlf_mcp.persona.operator_doctrine.validate_doctrine_compliance",KEEP_WITH_WORK
hlf_mcp/server_auth.py,2,"hlf_mcp.server.mcp, hlf_mcp.server_auth",KEEP_WITH_WORK
scripts/hlf_operator.py,2,"hlf_mcp.hlf.hitl_gate.ApprovalRequest, hlf_mcp.hlf.hitl_gate.HITLGate",KEEP_WITH_WORK
scripts/test_agent_harness.py,2,"hlf_mcp.server_context.build_server_context, hlf_mcp.server_translation.run_hlf_do",TEST
test-swarm-coord/test_4_executor.py,2,"hlf_mcp.hlf.agent_spawner.AgentSpawner, hlf_mcp.hlf.swarm_compiler.compile_swarm",TEST
tests/test_agent_heartbeat.py,2,"hlf_mcp.hlf.agent_heartbeat.HeartbeatMonitor, hlf_mcp.hlf.agent_heartbeat.HeartbeatRecord",TEST
tests/test_benchmark.py,2,"hlf_mcp.hlf.benchmark.HLFBenchmark, hlf_mcp.hlf.benchmark._COMPLEX_WORKFLOW_HLF",TEST
tests/test_benchmark_multilingual.py,2,"hlf_mcp.hlf.benchmark.HLFBenchmark, hlf_mcp.rag.memory.RAGMemory",TEST
tests/test_chaos.py,2,"hlf_mcp.hlf.hitl_gate.HITLGate [lazy], hlf_mcp.hlf.latent_capsule.governed_latent_infer",TEST
tests/test_code_bearing_execution.py,2,"hlf_mcp.hlf.code_execution.execute_code_bearing_hlf, hlf_mcp.hlf.compiler.HLFCompiler",TEST
tests/test_compatibility_matrix.py,2,"hlf_mcp.ecosystem.compatibility_matrix.CompatibilityMatrix, hlf_mcp.ecosystem.compatibility_matrix.CompatibilityMatrixEntry",TEST
tests/test_compiler.py,2,"hlf_mcp.hlf.compiler.CompileError, hlf_mcp.hlf.compiler.HLFCompiler",TEST
tests/test_credential_locator.py,2,"hlf_mcp.hlf.credential_locator.CredentialLocator, hlf_mcp.hlf.credential_locator.CredentialRef",TEST
tests/test_dream_cycle.py,2,"hlf_mcp.media_evidence.MediaEvidenceRecord, hlf_mcp.server",TEST
tests/test_governance_event_log.py,2,"hlf_mcp.hlf.governance_event_log.GovernanceEventLog, hlf_mcp.hlf.governance_event_log.LogRotationConfig",TEST
tests/test_hlflsp.py,2,"hlf_mcp.hlf.hlflsp.HLFLanguageServer, hlf_mcp.hlf.hlflsp._extract_set_bindings",TEST
tests/test_host_function_contracts.py,2,"hlf_mcp.hlf.registry.HostFunction, hlf_mcp.hlf.registry.HostFunctionRegistry",TEST
tests/test_math_pipeline.py,2,"hlf_mcp.hlf.compiler.HLFCompiler, hlf_mcp.hlf.runtime.HlfVM",TEST
tests/test_real_workflow_benchmarks.py,2,"hlf_mcp.hlf.benchmark.HLFBenchmark, hlf_mcp.server",TEST
.github/scripts/ollama_client.py,1,hlf_mcp.hlf.model_catalog.build_named_model_chains,KEEP_WITH_WORK
.github/scripts/spec_drift_check.py,1,hlf_mcp.hlf.registry.HostFunctionRegistry,KEEP_WITH_WORK
_rw_debug.py,1,hlf_mcp.rag.memory.RAGMemory,KEEP_WITH_WORK
bench4.py,1,hlf_mcp.hlf.benchmark.HLFBenchmark,KEEP_WITH_WORK
benchmark_runner.py,1,hlf_mcp.hlf.benchmark.HLFBenchmark,KEEP_WITH_WORK
check_mcp_tools.py,1,hlf_mcp.server,KEEP_WITH_WORK
debug_tool.py,1,hlf_mcp.server,KEEP_WITH_WORK
hlf/host_functions_minimal.py,1,hlf_mcp.hlf.rag_service.get_rag_service,KEEP_WITH_WORK
hlf_mcp/dream_cycle.py,1,hlf_mcp.media_evidence.MediaEvidenceRecord,KEEP_WITH_WORK
hlf_mcp/gallery/evidence_renderer.py,1,hlf_mcp.gallery.evidence_renderer,KEEP_WITH_WORK
hlf_mcp/gallery/telemetry.py,1,hlf_mcp.gallery.telemetry,KEEP_WITH_WORK
hlf_mcp/hlf/agent_spawner.py,1,hlf_mcp.persona_contract.resolve_persona_contract,KEEP_WITH_WORK
hlf_mcp/hlf/approval_ledger.py,1,hlf_mcp.hlf.governance_events.governance_event_ref,KEEP_WITH_WORK
hlf_mcp/hlf/dream_proposal.py,1,hlf_mcp.dream_cycle.DreamFinding,KEEP_WITH_WORK
hlf_mcp/hlf/embodied.py,1,hlf_mcp.hlf.memory_node.parse_pointer_ref,KEEP_WITH_WORK
hlf_mcp/hlf/entropy_anchor.py,1,hlf_mcp.hlf.insaits,KEEP_WITH_WORK
hlf_mcp/hlf/ethics/__init__.py,1,hlf_mcp.hlf.ethics.governor,KEEP_WITH_WORK
hlf_mcp/hlf/governed_ingress.py,1,hlf_mcp.hlf.align_governor.AlignGovernor,KEEP_WITH_WORK
hlf_mcp/hlf/hitl_dashboard.py,1,hlf_mcp.hlf.hitl_dashboard,KEEP_WITH_WORK
hlf_mcp/hlf/insaits.py,1,hlf_mcp.hlf.bytecode.Disassembler [lazy],KEEP_WITH_WORK
hlf_mcp/hlf/operand_coverage.py,1,hlf_mcp.hlf.typed_contracts.HlfType,KEEP_WITH_WORK
hlf_mcp/hlf/rag_integrations.py,1,hlf_mcp.hlf.hybrid_rag.get_hybrid_rag,KEEP_WITH_WORK
hlf_mcp/hlf/resource_monitor.py,1,hlf_mcp.hlf.resource_monitor,KEEP_WITH_WORK
hlf_mcp/hlf/review_proof.py,1,hlf_mcp.hlf.governance_proofs.sha256_digest,KEEP_WITH_WORK
hlf_mcp/hlf/routing/route_trace.py,1,hlf_mcp.hlf.routing.route_trace,KEEP_WITH_WORK
hlf_mcp/hlf/routing_trace.py,1,hlf_mcp.hlf.routing_contracts.validate_route_trace [lazy],KEEP_WITH_WORK
hlf_mcp/hlf/secret_capsule.py,1,hlf_mcp.hlf.secret_capsule,KEEP_WITH_WORK
hlf_mcp/hlf/session_auth.py,1,hlf_mcp.hlf.session_auth,KEEP_WITH_WORK
hlf_mcp/hlf/streaming.py,1,hlf_mcp.hlf.runtime.HlfVM,KEEP_WITH_WORK
hlf_mcp/hlf/task_classifier.py,1,hlf_mcp.hlf.task_classifier,KEEP_WITH_WORK
hlf_mcp/hlf/translator.py,1,hlf_mcp.hlf.compiler.HLFCompiler [lazy],KEEP_WITH_WORK
hlf_mcp/hlf/trust_surface.py,1,hlf_mcp.hlf.ethics.constitution.ARTICLES,KEEP_WITH_WORK
hlf_mcp/ingress_support.py,1,hlf_mcp.server_context.ServerContext,KEEP_WITH_WORK
hlf_mcp/instinct/classification.py,1,hlf_mcp.instinct.classification,KEEP_WITH_WORK
hlf_mcp/instinct/execution.py,1,hlf_mcp.instinct.execution,KEEP_WITH_WORK
hlf_mcp/instinct/orchestration.py,1,hlf_mcp.persona_runtime.resolve_persona_runtime_metadata,KEEP_WITH_WORK
hlf_mcp/local_scheduler.py,1,hlf_mcp.test_runner.DEFAULT_METRICS_DIR,KEEP_WITH_WORK
hlf_mcp/media_evidence.py,1,hlf_mcp.media_safety.MediaSafetyScanner,KEEP_WITH_WORK
hlf_mcp/persona/__init__.py,1,hlf_mcp.persona,KEEP_WITH_WORK
hlf_mcp/persona/capability_decay.py,1,hlf_mcp.persona.operator_doctrine.build_operator_doctrine [lazy],KEEP_WITH_WORK
hlf_mcp/persona/composition_proofs.py,1,hlf_mcp.persona.operator_doctrine.build_operator_doctrine [lazy],KEEP_WITH_WORK
hlf_mcp/persona/doctrine_drift.py,1,hlf_mcp.persona.operator_doctrine.build_operator_doctrine [lazy],KEEP_WITH_WORK
hlf_mcp/persona/operator_doctrine.py,1,hlf_mcp.persona_contract.load_persona_matrix,KEEP_WITH_WORK
hlf_mcp/rag/hybrid_rag.py,1,hlf_mcp.rag.memory.HybridKnowledgeStore,KEEP_WITH_WORK
hlf_mcp/server_governance.py,1,hlf_mcp.server_context.ServerContext,KEEP_WITH_WORK
hlf_mcp/server_prompts.py,1,hlf_mcp.hlf.agent_prompt.build_hlf_native_system_prompt,KEEP_WITH_WORK
query_knowledge.py,1,hlf_mcp.server,KEEP_WITH_WORK
run_tests.py,1,hlf_mcp.test_runner.main,KEEP_WITH_WORK
scripts/agent_harness.py,1,hlf_mcp.server_context.build_server_context,KEEP_WITH_WORK
scripts/demo_pii_workflow.py,1,hlf_mcp.hlf.latent_capsule.governed_latent_infer,KEEP_WITH_WORK
scripts/gen_docs.py,1,hlf_mcp.hlf.stdlib [lazy],KEEP_WITH_WORK
scripts/hlf_evidence.py,1,hlf_mcp.gallery.evidence_renderer.EvidenceSummaryRenderer,KEEP_WITH_WORK
scripts/multi_model_validation.py,1,hlf_mcp.hlf.agent_spawner.AgentSpawner,KEEP_WITH_WORK
test-swarm-coord/smoke_test.py,1,hlf_mcp.hlf.agent_spawner.AgentSpawner,KEEP_WITH_WORK
test_governed_complete_tool.py,1,hlf_mcp.server,TEST
tests/conftest.py,1,hlf_mcp.server,TEST
tests/test_codegen.py,1,hlf_mcp.hlf.codegen.HLFCodeGenerator,TEST
tests/test_daemon_manager.py,1,hlf_mcp.hlf.daemon_manager.DaemonManager,TEST
tests/test_extracted_support_tools.py,1,hlf_mcp.governed_review.default_governed_review [lazy],TEST
tests/test_fixtures_catalog.py,1,hlf_mcp.hlf.compiler.HLFCompiler,TEST
tests/test_formatter.py,1,hlf_mcp.hlf.formatter.HLFFormatter,TEST
tests/test_github_scripts.py,1,hlf_mcp.hlf.model_catalog.build_named_model_chains [lazy],TEST
tests/test_handoff_events.py,1,hlf_mcp.server,TEST
tests/test_instinct_lifecycle.py,1,hlf_mcp.instinct.lifecycle.InstinctLifecycle,TEST
tests/test_linter.py,1,hlf_mcp.hlf.linter.HLFLinter,TEST
tests/test_media_evidence.py,1,hlf_mcp.media_evidence.MediaEvidenceRecord,TEST
tests/test_memory_evidence_schema.py,1,hlf_mcp.rag.memory.RAGMemory,TEST
tests/test_memory_write_enforcement.py,1,hlf_mcp.rag.memory.RAGMemory,TEST
tests/test_native_onboarding.py,1,hlf_mcp.server,TEST
tests/test_operator_cli.py,1,hlf_mcp.operator_cli [lazy],TEST
tests/test_port_config.py,1,hlf_mcp.server._get_http_bind,TEST
tests/test_test_runner.py,1,hlf_mcp.test_runner [lazy],TEST
tests/test_witness_governance.py,1,hlf_mcp.server,TEST
tests/test_workflow_support.py,1,hlf_mcp.governed_review.default_governed_review [lazy],TEST
validate_compounding_loop.py,1,hlf_mcp.rag.memory.RAGMemory,KEEP_WITH_WORK
